Initialized native services in: C:\Users\Preneel\.gradle\native
Initialized jansi services in: C:\Users\Preneel\.gradle\native

Welcome to Gradle 9.3.1!

Here are the highlights of this release:
 - Test reporting improvements
 - Error and warning improvements
 - Build authoring improvements

For more details see https://docs.gradle.org/9.3.1/release-notes.html

The client will now receive all logging from the daemon (pid: 9960). The daemon log file: C:\Users\Preneel\.gradle\daemon\9.3.1\daemon-9960.out.log
Starting 3rd build in daemon [uptime: 17 mins 14.059 secs, performance: 100%, GC rate: 0.00/s, heap usage: 1% of 2 GiB, non-heap usage: 64% of 512 MiB]
Using 12 worker leases.
Operational build model parameters: {requiresToolingModels=false, parallelProjectExecution=true, configureOnDemand=false, configurationCache=false, configurationCacheParallelStore=false, configurationCacheParallelLoad=true, isolatedProjects=false, parallelProjectConfiguration=false, intermediateModelCache=false, parallelToolingApiActions=true, invalidateCoupledProjects=false, modelAsProjectDependency=false, resilientModelBuilding=false}
Now considering [C:\appicon\android, C:\appicon\node_modules\expo-modules-core\expo-module-gradle-plugin, C:\appicon\node_modules\expo-modules-autolinking\android\expo-gradle-plugin, C:\appicon\node_modules\@react-native\gradle-plugin] as hierarchies to watch
Watching the file system is configured to be enabled if available
File system watching is active
Starting Build
Starting process 'command 'node''. Working directory: C:\appicon\android Command: node --print require.resolve('@react-native/gradle-plugin/package.json', { paths: [require.resolve('react-native/package.json')] })
Successfully started process 'command 'node''
Starting process 'command 'node''. Working directory: C:\appicon\android Command: node --print require.resolve('expo-modules-autolinking/package.json', { paths: [require.resolve('expo/package.json')] })
Successfully started process 'command 'node''
Now considering [C:\appicon\node_modules\@react-native\gradle-plugin, C:\appicon\android, C:\appicon\node_modules\expo-modules-core\expo-module-gradle-plugin, C:\appicon\node_modules\expo-modules-autolinking\android\expo-gradle-plugin] as hierarchies to watch
Resolved plugin [id: 'org.gradle.toolchains.foojay-resolver-convention', version: '1.0.0']
Now considering [C:\appicon\node_modules\expo-modules-autolinking\android\expo-gradle-plugin, C:\appicon\node_modules\@react-native\gradle-plugin, C:\appicon\android, C:\appicon\node_modules\expo-modules-core\expo-module-gradle-plugin] as hierarchies to watch

> Configure project :gradle-plugin
Evaluating project ':gradle-plugin' using build file 'C:\appicon\node_modules\@react-native\gradle-plugin\build.gradle.kts'.
Resolved plugin [id: 'org.jetbrains.kotlin.jvm', version: '2.1.20', apply: false]
Resolved plugin [id: 'com.ncorti.ktfmt.gradle', version: '0.22.0']

> Configure project :gradle-plugin:react-native-gradle-plugin
Evaluating project ':gradle-plugin:react-native-gradle-plugin' using build file 'C:\appicon\node_modules\@react-native\gradle-plugin\react-native-gradle-plugin\build.gradle.kts'.
Resolved plugin [id: 'org.jetbrains.kotlin.jvm', version: '2.1.20']
Resolved plugin [id: 'com.ncorti.ktfmt.gradle', version: '0.22.0']
Resolved plugin [id: 'java-gradle-plugin']
Build 0fa88c16-2809-4bbd-a5e7-6b7f78972a67 is started
Using Kotlin Gradle Plugin gradle85 variant
kotlin scripting plugin: created the scripting discovery configuration: kotlinScriptDef
kotlin scripting plugin: created the scripting discovery configuration: testKotlinScriptDef

> Configure project :gradle-plugin:settings-plugin
Evaluating project ':gradle-plugin:settings-plugin' using build file 'C:\appicon\node_modules\@react-native\gradle-plugin\settings-plugin\build.gradle.kts'.
Resolved plugin [id: 'org.jetbrains.kotlin.jvm', version: '2.1.20']
Resolved plugin [id: 'com.ncorti.ktfmt.gradle', version: '0.22.0']
Resolved plugin [id: 'java-gradle-plugin']
Using Kotlin Gradle Plugin gradle85 variant
kotlin scripting plugin: created the scripting discovery configuration: kotlinScriptDef
kotlin scripting plugin: created the scripting discovery configuration: testKotlinScriptDef

> Configure project :gradle-plugin:shared
Evaluating project ':gradle-plugin:shared' using build file 'C:\appicon\node_modules\@react-native\gradle-plugin\shared\build.gradle.kts'.
Resolved plugin [id: 'org.jetbrains.kotlin.jvm', version: '2.1.20']
Resolved plugin [id: 'com.ncorti.ktfmt.gradle', version: '0.22.0']
Using Kotlin Gradle Plugin gradle85 variant
kotlin scripting plugin: created the scripting discovery configuration: kotlinScriptDef
kotlin scripting plugin: created the scripting discovery configuration: testKotlinScriptDef

> Configure project :gradle-plugin:shared-testutil
Evaluating project ':gradle-plugin:shared-testutil' using build file 'C:\appicon\node_modules\@react-native\gradle-plugin\shared-testutil\build.gradle.kts'.
Resolved plugin [id: 'org.jetbrains.kotlin.jvm', version: '2.1.20']
Resolved plugin [id: 'com.ncorti.ktfmt.gradle', version: '0.22.0']
Using Kotlin Gradle Plugin gradle85 variant
kotlin scripting plugin: created the scripting discovery configuration: kotlinScriptDef
kotlin scripting plugin: created the scripting discovery configuration: testKotlinScriptDef
Resolved plugin [id: 'com.facebook.react.settings']

> Configure project :expo-gradle-plugin
Evaluating project ':expo-gradle-plugin' using build file 'C:\appicon\node_modules\expo-modules-autolinking\android\expo-gradle-plugin\build.gradle.kts'.
Resolved plugin [id: 'org.jetbrains.kotlin.jvm', version: '2.1.20', apply: false]
Resolved plugin [id: 'java-gradle-plugin']

> Configure project :expo-gradle-plugin:expo-autolinking-plugin
Evaluating project ':expo-gradle-plugin:expo-autolinking-plugin' using build file 'C:\appicon\node_modules\expo-modules-autolinking\android\expo-gradle-plugin\expo-autolinking-plugin\build.gradle.kts'.
Resolved plugin [id: 'org.jetbrains.kotlin.jvm']
Resolved plugin [id: 'java-gradle-plugin']
Build e735c391-5c69-4f80-a38e-3382768da174 is started
Using Kotlin Gradle Plugin gradle85 variant
kotlin scripting plugin: created the scripting discovery configuration: kotlinScriptDef
kotlin scripting plugin: created the scripting discovery configuration: testKotlinScriptDef

> Configure project :expo-gradle-plugin:expo-autolinking-plugin-shared
Evaluating project ':expo-gradle-plugin:expo-autolinking-plugin-shared' using build file 'C:\appicon\node_modules\expo-modules-autolinking\android\expo-gradle-plugin\expo-autolinking-plugin-shared\build.gradle.kts'.
Resolved plugin [id: 'org.jetbrains.kotlin.jvm']
Resolved plugin [id: 'org.jetbrains.kotlin.plugin.serialization', version: '1.9.24']
Using Kotlin Gradle Plugin gradle85 variant
kotlin scripting plugin: created the scripting discovery configuration: kotlinScriptDef
kotlin scripting plugin: created the scripting discovery configuration: testKotlinScriptDef

> Configure project :expo-gradle-plugin:expo-autolinking-settings-plugin
Evaluating project ':expo-gradle-plugin:expo-autolinking-settings-plugin' using build file 'C:\appicon\node_modules\expo-modules-autolinking\android\expo-gradle-plugin\expo-autolinking-settings-plugin\build.gradle.kts'.
Resolved plugin [id: 'org.jetbrains.kotlin.jvm']
Resolved plugin [id: 'java-gradle-plugin']
Using Kotlin Gradle Plugin gradle85 variant
kotlin scripting plugin: created the scripting discovery configuration: kotlinScriptDef
kotlin scripting plugin: created the scripting discovery configuration: testKotlinScriptDef

> Configure project :expo-gradle-plugin:expo-max-sdk-override-plugin
Evaluating project ':expo-gradle-plugin:expo-max-sdk-override-plugin' using build file 'C:\appicon\node_modules\expo-modules-autolinking\android\expo-gradle-plugin\expo-max-sdk-override-plugin\build.gradle.kts'.
Resolved plugin [id: 'org.jetbrains.kotlin.jvm']
Resolved plugin [id: 'java-gradle-plugin']
Using Kotlin Gradle Plugin gradle85 variant
kotlin scripting plugin: created the scripting discovery configuration: kotlinScriptDef
kotlin scripting plugin: created the scripting discovery configuration: testKotlinScriptDef
Resolved plugin [id: 'expo-autolinking-settings']
Resolve mutations for :expo-gradle-plugin:expo-autolinking-settings-plugin:checkKotlinGradlePluginConfigurationErrors (Thread[#599,Execution worker,5,main]) started.
Resolve mutations for :expo-gradle-plugin:expo-autolinking-plugin-shared:checkKotlinGradlePluginConfigurationErrors (Thread[#597,included builds,5,main]) started.
Resolve mutations for :gradle-plugin:settings-plugin:checkKotlinGradlePluginConfigurationErrors (Thread[#598,included builds Thread 2,5,main]) started.
Resolve mutations for :gradle-plugin:shared:checkKotlinGradlePluginConfigurationErrors (Thread[#603,Execution worker Thread 5,5,main]) started.
:expo-gradle-plugin:expo-autolinking-settings-plugin:checkKotlinGradlePluginConfigurationErrors (Thread[#599,Execution worker,5,main]) started.
:gradle-plugin:shared:checkKotlinGradlePluginConfigurationErrors (Thread[#603,Execution worker Thread 5,5,main]) started.
:gradle-plugin:settings-plugin:checkKotlinGradlePluginConfigurationErrors (Thread[#598,included builds Thread 2,5,main]) started.
:expo-gradle-plugin:expo-autolinking-plugin-shared:checkKotlinGradlePluginConfigurationErrors (Thread[#604,Execution worker Thread 6,5,main]) started.

> Task :expo-gradle-plugin:expo-autolinking-settings-plugin:checkKotlinGradlePluginConfigurationErrors SKIPPED
Skipping task ':expo-gradle-plugin:expo-autolinking-settings-plugin:checkKotlinGradlePluginConfigurationErrors' as task onlyIf 'errorDiagnostics are present' is false.

> Task :expo-gradle-plugin:expo-autolinking-plugin-shared:checkKotlinGradlePluginConfigurationErrors SKIPPED
Skipping task ':expo-gradle-plugin:expo-autolinking-plugin-shared:checkKotlinGradlePluginConfigurationErrors' as task onlyIf 'errorDiagnostics are present' is false.

> Task :gradle-plugin:settings-plugin:checkKotlinGradlePluginConfigurationErrors SKIPPED
Skipping task ':gradle-plugin:settings-plugin:checkKotlinGradlePluginConfigurationErrors' as task onlyIf 'errorDiagnostics are present' is false.

> Task :gradle-plugin:shared:checkKotlinGradlePluginConfigurationErrors SKIPPED
Skipping task ':gradle-plugin:shared:checkKotlinGradlePluginConfigurationErrors' as task onlyIf 'errorDiagnostics are present' is false.
Resolve mutations for :expo-gradle-plugin:expo-autolinking-plugin-shared:compileKotlin (Thread[#604,Execution worker Thread 6,5,main]) started.
Resolve mutations for :gradle-plugin:settings-plugin:pluginDescriptors (Thread[#598,included builds Thread 2,5,main]) started.
Resolve mutations for :gradle-plugin:shared:compileKotlin (Thread[#603,Execution worker Thread 5,5,main]) started.
Resolve mutations for :expo-gradle-plugin:expo-autolinking-settings-plugin:pluginDescriptors (Thread[#599,Execution worker,5,main]) started.
:gradle-plugin:settings-plugin:pluginDescriptors (Thread[#598,included builds Thread 2,5,main]) started.
:gradle-plugin:shared:compileKotlin (Thread[#603,Execution worker Thread 5,5,main]) started.
:expo-gradle-plugin:expo-autolinking-plugin-shared:compileKotlin (Thread[#604,Execution worker Thread 6,5,main]) started.
:expo-gradle-plugin:expo-autolinking-settings-plugin:pluginDescriptors (Thread[#599,Execution worker,5,main]) started.

> Task :expo-gradle-plugin:expo-autolinking-settings-plugin:pluginDescriptors
Caching disabled for task ':expo-gradle-plugin:expo-autolinking-settings-plugin:pluginDescriptors' because:
  Build cache is disabled
  Not worth caching
Task ':expo-gradle-plugin:expo-autolinking-settings-plugin:pluginDescriptors' is not up-to-date because:
  Executed with '--rerun-tasks'.
Resolve mutations for :expo-gradle-plugin:expo-autolinking-settings-plugin:processResources (Thread[#599,Execution worker,5,main]) started.

> Task :gradle-plugin:settings-plugin:pluginDescriptors
Caching disabled for task ':gradle-plugin:settings-plugin:pluginDescriptors' because:
  Build cache is disabled
  Not worth caching
Task ':gradle-plugin:settings-plugin:pluginDescriptors' is not up-to-date because:
  Executed with '--rerun-tasks'.
Resolve mutations for :gradle-plugin:settings-plugin:processResources (Thread[#598,included builds Thread 2,5,main]) started.
:expo-gradle-plugin:expo-autolinking-settings-plugin:processResources (Thread[#605,Execution worker Thread 7,5,main]) started.
:gradle-plugin:settings-plugin:processResources (Thread[#598,included builds Thread 2,5,main]) started.

> Task :expo-gradle-plugin:expo-autolinking-settings-plugin:processResources
Caching disabled for task ':expo-gradle-plugin:expo-autolinking-settings-plugin:processResources' because:
  Build cache is disabled
  Not worth caching
Task ':expo-gradle-plugin:expo-autolinking-settings-plugin:processResources' is not up-to-date because:
  Executed with '--rerun-tasks'.
file or directory 'C:\appicon\node_modules\expo-modules-autolinking\android\expo-gradle-plugin\expo-autolinking-settings-plugin\src\main\resources', not found

> Task :gradle-plugin:settings-plugin:processResources
Caching disabled for task ':gradle-plugin:settings-plugin:processResources' because:
  Build cache is disabled
  Not worth caching
Task ':gradle-plugin:settings-plugin:processResources' is not up-to-date because:
  Executed with '--rerun-tasks'.
file or directory 'C:\appicon\node_modules\@react-native\gradle-plugin\settings-plugin\src\main\resources', not found
Resolve mutations for :expo-gradle-plugin:expo-autolinking-plugin-shared:processResources (Thread[#606,Execution worker Thread 8,5,main]) started.
Resolve mutations for :gradle-plugin:shared:processResources (Thread[#605,Execution worker Thread 7,5,main]) started.
:expo-gradle-plugin:expo-autolinking-plugin-shared:processResources (Thread[#606,Execution worker Thread 8,5,main]) started.
:gradle-plugin:shared:processResources (Thread[#605,Execution worker Thread 7,5,main]) started.

> Task :expo-gradle-plugin:expo-autolinking-plugin-shared:processResources NO-SOURCE
Skipping task ':expo-gradle-plugin:expo-autolinking-plugin-shared:processResources' as it has no source files and no previous output files.

> Task :gradle-plugin:shared:processResources NO-SOURCE
Skipping task ':gradle-plugin:shared:processResources' as it has no source files and no previous output files.

> Task :gradle-plugin:shared:compileKotlin
Caching disabled for task ':gradle-plugin:shared:compileKotlin' because:
  Build cache is disabled
Task ':gradle-plugin:shared:compileKotlin' is not up-to-date because:
  Executed with '--rerun-tasks'.
The input changes require a full rebuild for incremental task ':gradle-plugin:shared:compileKotlin'.
file or directory 'C:\appicon\node_modules\@react-native\gradle-plugin\shared\src\main\java', not found
file or directory 'C:\appicon\node_modules\@react-native\gradle-plugin\shared\src\main\java', not found
file or directory 'C:\appicon\node_modules\@react-native\gradle-plugin\shared\src\main\java', not found
file or directory 'C:\appicon\node_modules\@react-native\gradle-plugin\shared\src\main\java', not found
Kotlin source files: C:\appicon\node_modules\@react-native\gradle-plugin\shared\src\main\kotlin\com\facebook\react\model\ModelAutolinkingAndroidProjectJson.kt, C:\appicon\node_modules\@react-native\gradle-plugin\shared\src\main\kotlin\com\facebook\react\model\ModelAutolinkingConfigJson.kt, C:\appicon\node_modules\@react-native\gradle-plugin\shared\src\main\kotlin\com\facebook\react\model\ModelAutolinkingDependenciesJson.kt, C:\appicon\node_modules\@react-native\gradle-plugin\shared\src\main\kotlin\com\facebook\react\model\ModelAutolinkingDependenciesPlatformAndroidJson.kt, C:\appicon\node_modules\@react-native\gradle-plugin\shared\src\main\kotlin\com\facebook\react\model\ModelAutolinkingDependenciesPlatformJson.kt, C:\appicon\node_modules\@react-native\gradle-plugin\shared\src\main\kotlin\com\facebook\react\model\ModelAutolinkingProjectJson.kt, C:\appicon\node_modules\@react-native\gradle-plugin\shared\src\main\kotlin\com\facebook\react\model\ModelCodegenConfig.kt, C:\appicon\node_modules\@react-native\gradle-plugin\shared\src\main\kotlin\com\facebook\react\model\ModelCodegenConfigAndroid.kt, C:\appicon\node_modules\@react-native\gradle-plugin\shared\src\main\kotlin\com\facebook\react\model\ModelPackageJson.kt, C:\appicon\node_modules\@react-native\gradle-plugin\shared\src\main\kotlin\com\facebook\react\utils\JsonUtils.kt, C:\appicon\node_modules\@react-native\gradle-plugin\shared\src\main\kotlin\com\facebook\react\utils\KotlinStdlibCompatUtils.kt, C:\appicon\node_modules\@react-native\gradle-plugin\shared\src\main\kotlin\com\facebook\react\utils\Os.kt, C:\appicon\node_modules\@react-native\gradle-plugin\shared\src\main\kotlin\com\facebook\react\utils\TaskUtils.kt
Java source files: 
Script source files: 
Script file extensions: 
Using Kotlin/JVM incremental compilation
[KOTLIN] Kotlin compilation 'jdkHome' argument: C:\Program Files\Microsoft\jdk-17.0.20.8-hotspot
i: starting the daemon as: C:\Program Files\Android\Android Studio\jbr\bin\java -cp C:\Users\Preneel\.gradle\caches\modules-2\files-2.1\org.jetbrains.kotlin\kotlin-compiler-embeddable\2.1.20\4ef56b3316798316bfac7a0ae443391c9e900ea1\kotlin-compiler-embeddable-2.1.20.jar;C:\Users\Preneel\.gradle\caches\modules-2\files-2.1\org.jetbrains.kotlin\kotlin-stdlib\2.1.20\aa8ca79cd50578314f6d1180c47cbe14c0fee567\kotlin-stdlib-2.1.20.jar;C:\Users\Preneel\.gradle\caches\modules-2\files-2.1\org.jetbrains.kotlin\kotlin-script-runtime\2.1.20\f7c623d7f7bdb01f5ccd6b437bc0a937fcd7c57e\kotlin-script-runtime-2.1.20.jar;C:\Users\Preneel\.gradle\caches\modules-2\files-2.1\org.jetbrains.kotlin\kotlin-reflect\1.6.10\1cbe9c92c12a94eea200d23c2bbaedaf3daf5132\kotlin-reflect-1.6.10.jar;C:\Users\Preneel\.gradle\caches\modules-2\files-2.1\org.jetbrains.kotlin\kotlin-daemon-embeddable\2.1.20\95670fce77befd02a70a0bc3abe8ee4533521334\kotlin-daemon-embeddable-2.1.20.jar;C:\Users\Preneel\.gradle\caches\modules-2\files-2.1\org.jetbrains.intellij.deps\trove4j\1.0.20200330\3afb14d5f9ceb459d724e907a21145e8ff394f02\trove4j-1.0.20200330.jar;C:\Users\Preneel\.gradle\caches\modules-2\files-2.1\org.jetbrains.kotlinx\kotlinx-coroutines-core-jvm\1.8.0\ac1dc37a30a93150b704022f8d895ee1bd3a36b3\kotlinx-coroutines-core-jvm-1.8.0.jar;C:\Users\Preneel\.gradle\caches\modules-2\files-2.1\org.jetbrains\annotations\13.0\919f0dfe192fb4e063e7dacadee7f8bb9a2672a9\annotations-13.0.jar -Djava.awt.headless=true -Djava.rmi.server.hostname=127.0.0.1 -Xmx2048m -XX:MaxMetaspaceSize=512m -XX:ReservedCodeCacheSize=320m -Dkotlin.environment.keepalive -ea -XX:+UseCodeCacheFlushing -XX:+UseParallelGC -Dkotlin.daemon.initiator.marker.file=C:\Users\Preneel\AppData\Local\Temp\kotlin-compiler-in-gradlepluginroot-15490218058593104882.alive --add-exports java.base/sun.nio.ch=ALL-UNNAMED org.jetbrains.kotlin.daemon.KotlinCompileDaemon --daemon-runFilesPath C:\Users\Preneel\AppData\Local\kotlin\daemon --daemon-autoshutdownIdleSeconds=7200 --daemon-compilerClasspath C:\Users\Preneel\.gradle\caches\modules-2\files-2.1\org.jetbrains.kotlin\kotlin-compiler-embeddable\2.1.20\4ef56b3316798316bfac7a0ae443391c9e900ea1\kotlin-compiler-embeddable-2.1.20.jar;C:\Users\Preneel\.gradle\caches\modules-2\files-2.1\org.jetbrains.kotlin\kotlin-stdlib\2.1.20\aa8ca79cd50578314f6d1180c47cbe14c0fee567\kotlin-stdlib-2.1.20.jar;C:\Users\Preneel\.gradle\caches\modules-2\files-2.1\org.jetbrains.kotlin\kotlin-script-runtime\2.1.20\f7c623d7f7bdb01f5ccd6b437bc0a937fcd7c57e\kotlin-script-runtime-2.1.20.jar;C:\Users\Preneel\.gradle\caches\modules-2\files-2.1\org.jetbrains.kotlin\kotlin-reflect\1.6.10\1cbe9c92c12a94eea200d23c2bbaedaf3daf5132\kotlin-reflect-1.6.10.jar;C:\Users\Preneel\.gradle\caches\modules-2\files-2.1\org.jetbrains.kotlin\kotlin-daemon-embeddable\2.1.20\95670fce77befd02a70a0bc3abe8ee4533521334\kotlin-daemon-embeddable-2.1.20.jar;C:\Users\Preneel\.gradle\caches\modules-2\files-2.1\org.jetbrains.intellij.deps\trove4j\1.0.20200330\3afb14d5f9ceb459d724e907a21145e8ff394f02\trove4j-1.0.20200330.jar;C:\Users\Preneel\.gradle\caches\modules-2\files-2.1\org.jetbrains.kotlinx\kotlinx-coroutines-core-jvm\1.8.0\ac1dc37a30a93150b704022f8d895ee1bd3a36b3\kotlinx-coroutines-core-jvm-1.8.0.jar;C:\Users\Preneel\.gradle\caches\modules-2\files-2.1\org.jetbrains\annotations\13.0\919f0dfe192fb4e063e7dacadee7f8bb9a2672a9\annotations-13.0.jar
i: #1 retrying connecting to the daemon 
Options for KOTLIN DAEMON: IncrementalCompilationOptions(super=CompilationOptions(compilerMode=INCREMENTAL_COMPILER, targetPlatform=JVM, reportCategories=[0, 3], reportSeverity=2, requestedCompilationResults=[0], kotlinScriptExtensions=[]), sourceChanges=org.jetbrains.kotlin.buildtools.api.SourcesChanges$Unknown@5971b36a, classpathChanges=NotAvailableForNonIncrementalRun, workingDir=C:\appicon\node_modules\@react-native\gradle-plugin\shared\build\kotlin\compileKotlin\cacheable, multiModuleICSettings=MultiModuleICSettings(buildHistoryFile=C:\appicon\node_modules\@react-native\gradle-plugin\shared\build\kotlin\compileKotlin\local-state\build-history.bin, useModuleDetection=false), usePreciseJavaTracking=true, icFeatures=IncrementalCompilationFeatures(withAbiSnapshot=false, preciseCompilationResultsBackup=true, keepIncrementalCompilationCachesInMemory=true, enableUnsafeIncrementalCompilationForMultiplatform=false, enableMonotonousIncrementalCompileSetExpansion=true), outputFiles=[C:\appicon\node_modules\@react-native\gradle-plugin\shared\build\classes\kotlin\main, C:\appicon\node_modules\@react-native\gradle-plugin\shared\build\kotlin\compileKotlin\cacheable, C:\appicon\node_modules\@react-native\gradle-plugin\shared\build\kotlin\compileKotlin\local-state])
Finished executing kotlin compiler using DAEMON strategy
Resolve mutations for :gradle-plugin:shared:compileJava (Thread[#603,Execution worker Thread 5,5,main]) started.
:gradle-plugin:shared:compileJava (Thread[#603,Execution worker Thread 5,5,main]) started.

> Task :gradle-plugin:shared:compileJava NO-SOURCE
Skipping task ':gradle-plugin:shared:compileJava' as it has no source files and no previous output files.
Resolve mutations for :gradle-plugin:shared:classes (Thread[#603,Execution worker Thread 5,5,main]) started.
:gradle-plugin:shared:classes (Thread[#603,Execution worker Thread 5,5,main]) started.

> Task :gradle-plugin:shared:classes UP-TO-DATE
Skipping task ':gradle-plugin:shared:classes' as it has no actions.
Resolve mutations for :gradle-plugin:shared:jar (Thread[#603,Execution worker Thread 5,5,main]) started.
:gradle-plugin:shared:jar (Thread[#603,Execution worker Thread 5,5,main]) started.

> Task :gradle-plugin:shared:jar
Caching disabled for task ':gradle-plugin:shared:jar' because:
  Build cache is disabled
  Not worth caching
Task ':gradle-plugin:shared:jar' is not up-to-date because:
  Executed with '--rerun-tasks'.
file or directory 'C:\appicon\node_modules\@react-native\gradle-plugin\shared\build\classes\java\main', not found
file or directory 'C:\appicon\node_modules\@react-native\gradle-plugin\shared\build\resources\main', not found
work action resolve shared.jar (project :gradle-plugin:shared) (Thread[#603,Execution worker Thread 5,5,main]) started.
Resolve mutations for :gradle-plugin:settings-plugin:compileKotlin (Thread[#603,Execution worker Thread 5,5,main]) started.
:gradle-plugin:settings-plugin:compileKotlin (Thread[#603,Execution worker Thread 5,5,main]) started.

> Task :expo-gradle-plugin:expo-autolinking-plugin-shared:compileKotlin
Caching disabled for task ':expo-gradle-plugin:expo-autolinking-plugin-shared:compileKotlin' because:
  Build cache is disabled
Task ':expo-gradle-plugin:expo-autolinking-plugin-shared:compileKotlin' is not up-to-date because:
  Executed with '--rerun-tasks'.
The input changes require a full rebuild for incremental task ':expo-gradle-plugin:expo-autolinking-plugin-shared:compileKotlin'.
file or directory 'C:\appicon\node_modules\expo-modules-autolinking\android\expo-gradle-plugin\expo-autolinking-plugin-shared\src\main\java', not found
file or directory 'C:\appicon\node_modules\expo-modules-autolinking\android\expo-gradle-plugin\expo-autolinking-plugin-shared\src\main\java', not found
file or directory 'C:\appicon\node_modules\expo-modules-autolinking\android\expo-gradle-plugin\expo-autolinking-plugin-shared\src\main\java', not found
file or directory 'C:\appicon\node_modules\expo-modules-autolinking\android\expo-gradle-plugin\expo-autolinking-plugin-shared\src\main\java', not found
Kotlin source files: C:\appicon\node_modules\expo-modules-autolinking\android\expo-gradle-plugin\expo-autolinking-plugin-shared\src\main\kotlin\expo\modules\plugin\AutolinkingCommandBuilder.kt, C:\appicon\node_modules\expo-modules-autolinking\android\expo-gradle-plugin\expo-autolinking-plugin-shared\src\main\kotlin\expo\modules\plugin\configuration\ExpoAutolinkingConfig.kt, C:\appicon\node_modules\expo-modules-autolinking\android\expo-gradle-plugin\expo-autolinking-plugin-shared\src\main\kotlin\expo\modules\plugin\configuration\MavenCredentials.kt, C:\appicon\node_modules\expo-modules-autolinking\android\expo-gradle-plugin\expo-autolinking-plugin-shared\src\main\kotlin\expo\modules\plugin\ExpoGradleExtension.kt, C:\appicon\node_modules\expo-modules-autolinking\android\expo-gradle-plugin\expo-autolinking-plugin-shared\src\main\kotlin\expo\modules\plugin\Os.kt, C:\appicon\node_modules\expo-modules-autolinking\android\expo-gradle-plugin\expo-autolinking-plugin-shared\src\main\kotlin\expo\modules\plugin\text\Colors.kt, C:\appicon\node_modules\expo-modules-autolinking\android\expo-gradle-plugin\expo-autolinking-plugin-shared\src\main\kotlin\expo\modules\plugin\text\Emojis.kt
Java source files: 
Script source files: 
Script file extensions: 
Using Kotlin/JVM incremental compilation
[KOTLIN] Kotlin compilation 'jdkHome' argument: C:\Program Files\Android\Android Studio\jbr
i: starting the daemon as: C:\Program Files\Android\Android Studio\jbr\bin\java -cp C:\Users\Preneel\.gradle\caches\modules-2\files-2.1\org.jetbrains.kotlin\kotlin-compiler-embeddable\2.1.20\4ef56b3316798316bfac7a0ae443391c9e900ea1\kotlin-compiler-embeddable-2.1.20.jar;C:\Users\Preneel\.gradle\caches\modules-2\files-2.1\org.jetbrains.kotlin\kotlin-stdlib\2.1.20\aa8ca79cd50578314f6d1180c47cbe14c0fee567\kotlin-stdlib-2.1.20.jar;C:\Users\Preneel\.gradle\caches\modules-2\files-2.1\org.jetbrains.kotlin\kotlin-script-runtime\2.1.20\f7c623d7f7bdb01f5ccd6b437bc0a937fcd7c57e\kotlin-script-runtime-2.1.20.jar;C:\Users\Preneel\.gradle\caches\modules-2\files-2.1\org.jetbrains.kotlin\kotlin-reflect\1.6.10\1cbe9c92c12a94eea200d23c2bbaedaf3daf5132\kotlin-reflect-1.6.10.jar;C:\Users\Preneel\.gradle\caches\modules-2\files-2.1\org.jetbrains.kotlin\kotlin-daemon-embeddable\2.1.20\95670fce77befd02a70a0bc3abe8ee4533521334\kotlin-daemon-embeddable-2.1.20.jar;C:\Users\Preneel\.gradle\caches\modules-2\files-2.1\org.jetbrains.intellij.deps\trove4j\1.0.20200330\3afb14d5f9ceb459d724e907a21145e8ff394f02\trove4j-1.0.20200330.jar;C:\Users\Preneel\.gradle\caches\modules-2\files-2.1\org.jetbrains.kotlinx\kotlinx-coroutines-core-jvm\1.8.0\ac1dc37a30a93150b704022f8d895ee1bd3a36b3\kotlinx-coroutines-core-jvm-1.8.0.jar;C:\Users\Preneel\.gradle\caches\modules-2\files-2.1\org.jetbrains\annotations\13.0\919f0dfe192fb4e063e7dacadee7f8bb9a2672a9\annotations-13.0.jar -Djava.awt.headless=true -Djava.rmi.server.hostname=127.0.0.1 -Xmx2048m -XX:MaxMetaspaceSize=512m -XX:ReservedCodeCacheSize=320m -Dkotlin.environment.keepalive -ea -XX:+UseCodeCacheFlushing -XX:+UseParallelGC -Dkotlin.daemon.initiator.marker.file=C:\Users\Preneel\AppData\Local\Temp\kotlin-compiler-in-expogradleplugin-14829365071258321776.alive --add-exports java.base/sun.nio.ch=ALL-UNNAMED org.jetbrains.kotlin.daemon.KotlinCompileDaemon --daemon-runFilesPath C:\Users\Preneel\AppData\Local\kotlin\daemon --daemon-autoshutdownIdleSeconds=7200 --daemon-compilerClasspath C:\Users\Preneel\.gradle\caches\modules-2\files-2.1\org.jetbrains.kotlin\kotlin-compiler-embeddable\2.1.20\4ef56b3316798316bfac7a0ae443391c9e900ea1\kotlin-compiler-embeddable-2.1.20.jar;C:\Users\Preneel\.gradle\caches\modules-2\files-2.1\org.jetbrains.kotlin\kotlin-stdlib\2.1.20\aa8ca79cd50578314f6d1180c47cbe14c0fee567\kotlin-stdlib-2.1.20.jar;C:\Users\Preneel\.gradle\caches\modules-2\files-2.1\org.jetbrains.kotlin\kotlin-script-runtime\2.1.20\f7c623d7f7bdb01f5ccd6b437bc0a937fcd7c57e\kotlin-script-runtime-2.1.20.jar;C:\Users\Preneel\.gradle\caches\modules-2\files-2.1\org.jetbrains.kotlin\kotlin-reflect\1.6.10\1cbe9c92c12a94eea200d23c2bbaedaf3daf5132\kotlin-reflect-1.6.10.jar;C:\Users\Preneel\.gradle\caches\modules-2\files-2.1\org.jetbrains.kotlin\kotlin-daemon-embeddable\2.1.20\95670fce77befd02a70a0bc3abe8ee4533521334\kotlin-daemon-embeddable-2.1.20.jar;C:\Users\Preneel\.gradle\caches\modules-2\files-2.1\org.jetbrains.intellij.deps\trove4j\1.0.20200330\3afb14d5f9ceb459d724e907a21145e8ff394f02\trove4j-1.0.20200330.jar;C:\Users\Preneel\.gradle\caches\modules-2\files-2.1\org.jetbrains.kotlinx\kotlinx-coroutines-core-jvm\1.8.0\ac1dc37a30a93150b704022f8d895ee1bd3a36b3\kotlinx-coroutines-core-jvm-1.8.0.jar;C:\Users\Preneel\.gradle\caches\modules-2\files-2.1\org.jetbrains\annotations\13.0\919f0dfe192fb4e063e7dacadee7f8bb9a2672a9\annotations-13.0.jar
i: #1 retrying connecting to the daemon 
Options for KOTLIN DAEMON: IncrementalCompilationOptions(super=CompilationOptions(compilerMode=INCREMENTAL_COMPILER, targetPlatform=JVM, reportCategories=[0, 3], reportSeverity=2, requestedCompilationResults=[0], kotlinScriptExtensions=[]), sourceChanges=org.jetbrains.kotlin.buildtools.api.SourcesChanges$Unknown@70d5dc7b, classpathChanges=NotAvailableForNonIncrementalRun, workingDir=C:\appicon\node_modules\expo-modules-autolinking\android\expo-gradle-plugin\expo-autolinking-plugin-shared\build\kotlin\compileKotlin\cacheable, multiModuleICSettings=MultiModuleICSettings(buildHistoryFile=C:\appicon\node_modules\expo-modules-autolinking\android\expo-gradle-plugin\expo-autolinking-plugin-shared\build\kotlin\compileKotlin\local-state\build-history.bin, useModuleDetection=false), usePreciseJavaTracking=true, icFeatures=IncrementalCompilationFeatures(withAbiSnapshot=false, preciseCompilationResultsBackup=true, keepIncrementalCompilationCachesInMemory=true, enableUnsafeIncrementalCompilationForMultiplatform=false, enableMonotonousIncrementalCompileSetExpansion=true), outputFiles=[C:\appicon\node_modules\expo-modules-autolinking\android\expo-gradle-plugin\expo-autolinking-plugin-shared\build\classes\kotlin\main, C:\appicon\node_modules\expo-modules-autolinking\android\expo-gradle-plugin\expo-autolinking-plugin-shared\build\kotlin\compileKotlin\cacheable, C:\appicon\node_modules\expo-modules-autolinking\android\expo-gradle-plugin\expo-autolinking-plugin-shared\build\kotlin\compileKotlin\local-state])
Finished executing kotlin compiler using DAEMON strategy
Resolve mutations for :expo-gradle-plugin:expo-autolinking-plugin-shared:compileJava (Thread[#604,Execution worker Thread 6,5,main]) started.
:expo-gradle-plugin:expo-autolinking-plugin-shared:compileJava (Thread[#604,Execution worker Thread 6,5,main]) started.

> Task :expo-gradle-plugin:expo-autolinking-plugin-shared:compileJava NO-SOURCE
Skipping task ':expo-gradle-plugin:expo-autolinking-plugin-shared:compileJava' as it has no source files and no previous output files.
Resolve mutations for :expo-gradle-plugin:expo-autolinking-plugin-shared:classes (Thread[#604,Execution worker Thread 6,5,main]) started.
:expo-gradle-plugin:expo-autolinking-plugin-shared:classes (Thread[#604,Execution worker Thread 6,5,main]) started.

> Task :expo-gradle-plugin:expo-autolinking-plugin-shared:classes UP-TO-DATE
Skipping task ':expo-gradle-plugin:expo-autolinking-plugin-shared:classes' as it has no actions.
Resolve mutations for :expo-gradle-plugin:expo-autolinking-plugin-shared:jar (Thread[#604,Execution worker Thread 6,5,main]) started.
:expo-gradle-plugin:expo-autolinking-plugin-shared:jar (Thread[#604,Execution worker Thread 6,5,main]) started.

> Task :expo-gradle-plugin:expo-autolinking-plugin-shared:jar
Caching disabled for task ':expo-gradle-plugin:expo-autolinking-plugin-shared:jar' because:
  Build cache is disabled
  Not worth caching
Task ':expo-gradle-plugin:expo-autolinking-plugin-shared:jar' is not up-to-date because:
  Executed with '--rerun-tasks'.
file or directory 'C:\appicon\node_modules\expo-modules-autolinking\android\expo-gradle-plugin\expo-autolinking-plugin-shared\build\classes\java\main', not found
file or directory 'C:\appicon\node_modules\expo-modules-autolinking\android\expo-gradle-plugin\expo-autolinking-plugin-shared\build\resources\main', not found
work action resolve expo-autolinking-plugin-shared-1.0.jar (project :expo-gradle-plugin:expo-autolinking-plugin-shared) (Thread[#604,Execution worker Thread 6,5,main]) started.
Resolve mutations for :expo-gradle-plugin:expo-autolinking-settings-plugin:compileKotlin (Thread[#604,Execution worker Thread 6,5,main]) started.
:expo-gradle-plugin:expo-autolinking-settings-plugin:compileKotlin (Thread[#604,Execution worker Thread 6,5,main]) started.

> Task :gradle-plugin:settings-plugin:compileKotlin
Caching disabled for task ':gradle-plugin:settings-plugin:compileKotlin' because:
  Build cache is disabled
Task ':gradle-plugin:settings-plugin:compileKotlin' is not up-to-date because:
  Executed with '--rerun-tasks'.
The input changes require a full rebuild for incremental task ':gradle-plugin:settings-plugin:compileKotlin'.
file or directory 'C:\appicon\node_modules\@react-native\gradle-plugin\settings-plugin\src\main\java', not found
file or directory 'C:\appicon\node_modules\@react-native\gradle-plugin\settings-plugin\src\main\java', not found
file or directory 'C:\appicon\node_modules\@react-native\gradle-plugin\settings-plugin\src\main\java', not found
file or directory 'C:\appicon\node_modules\@react-native\gradle-plugin\settings-plugin\src\main\java', not found
Kotlin source files: C:\appicon\node_modules\@react-native\gradle-plugin\settings-plugin\src\main\kotlin\com\facebook\react\ReactSettingsExtension.kt, C:\appicon\node_modules\@react-native\gradle-plugin\settings-plugin\src\main\kotlin\com\facebook\react\ReactSettingsPlugin.kt
Java source files: 
Script source files: 
Script file extensions: 
Using Kotlin/JVM incremental compilation
[KOTLIN] Kotlin compilation 'jdkHome' argument: C:\Program Files\Microsoft\jdk-17.0.20.8-hotspot
Options for KOTLIN DAEMON: IncrementalCompilationOptions(super=CompilationOptions(compilerMode=INCREMENTAL_COMPILER, targetPlatform=JVM, reportCategories=[0, 3], reportSeverity=2, requestedCompilationResults=[0], kotlinScriptExtensions=[]), sourceChanges=org.jetbrains.kotlin.buildtools.api.SourcesChanges$Unknown@5971b36a, classpathChanges=NotAvailableForNonIncrementalRun, workingDir=C:\appicon\node_modules\@react-native\gradle-plugin\settings-plugin\build\kotlin\compileKotlin\cacheable, multiModuleICSettings=MultiModuleICSettings(buildHistoryFile=C:\appicon\node_modules\@react-native\gradle-plugin\settings-plugin\build\kotlin\compileKotlin\local-state\build-history.bin, useModuleDetection=false), usePreciseJavaTracking=true, icFeatures=IncrementalCompilationFeatures(withAbiSnapshot=false, preciseCompilationResultsBackup=true, keepIncrementalCompilationCachesInMemory=true, enableUnsafeIncrementalCompilationForMultiplatform=false, enableMonotonousIncrementalCompileSetExpansion=true), outputFiles=[C:\appicon\node_modules\@react-native\gradle-plugin\settings-plugin\build\classes\kotlin\main, C:\appicon\node_modules\@react-native\gradle-plugin\settings-plugin\build\kotlin\compileKotlin\cacheable, C:\appicon\node_modules\@react-native\gradle-plugin\settings-plugin\build\kotlin\compileKotlin\local-state])
Finished executing kotlin compiler using DAEMON strategy
Resolve mutations for :gradle-plugin:settings-plugin:compileJava (Thread[#603,Execution worker Thread 5,5,main]) started.
:gradle-plugin:settings-plugin:compileJava (Thread[#603,Execution worker Thread 5,5,main]) started.

> Task :gradle-plugin:settings-plugin:compileJava NO-SOURCE
Skipping task ':gradle-plugin:settings-plugin:compileJava' as it has no source files and no previous output files.
Resolve mutations for :gradle-plugin:settings-plugin:classes (Thread[#606,Execution worker Thread 8,5,main]) started.
:gradle-plugin:settings-plugin:classes (Thread[#606,Execution worker Thread 8,5,main]) started.

> Task :gradle-plugin:settings-plugin:classes
Skipping task ':gradle-plugin:settings-plugin:classes' as it has no actions.
Resolve mutations for :gradle-plugin:settings-plugin:jar (Thread[#606,Execution worker Thread 8,5,main]) started.
:gradle-plugin:settings-plugin:jar (Thread[#606,Execution worker Thread 8,5,main]) started.

> Task :gradle-plugin:settings-plugin:jar
Caching disabled for task ':gradle-plugin:settings-plugin:jar' because:
  Build cache is disabled
  Not worth caching
Task ':gradle-plugin:settings-plugin:jar' is not up-to-date because:
  Executed with '--rerun-tasks'.
file or directory 'C:\appicon\node_modules\@react-native\gradle-plugin\settings-plugin\build\classes\java\main', not found

> Task :expo-gradle-plugin:expo-autolinking-settings-plugin:compileKotlin
Caching disabled for task ':expo-gradle-plugin:expo-autolinking-settings-plugin:compileKotlin' because:
  Build cache is disabled
Task ':expo-gradle-plugin:expo-autolinking-settings-plugin:compileKotlin' is not up-to-date because:
  Executed with '--rerun-tasks'.
The input changes require a full rebuild for incremental task ':expo-gradle-plugin:expo-autolinking-settings-plugin:compileKotlin'.
file or directory 'C:\appicon\node_modules\expo-modules-autolinking\android\expo-gradle-plugin\expo-autolinking-settings-plugin\src\main\java', not found
file or directory 'C:\appicon\node_modules\expo-modules-autolinking\android\expo-gradle-plugin\expo-autolinking-settings-plugin\src\main\java', not found
file or directory 'C:\appicon\node_modules\expo-modules-autolinking\android\expo-gradle-plugin\expo-autolinking-settings-plugin\src\main\java', not found
file or directory 'C:\appicon\node_modules\expo-modules-autolinking\android\expo-gradle-plugin\expo-autolinking-settings-plugin\src\main\java', not found
Kotlin source files: C:\appicon\node_modules\expo-modules-autolinking\android\expo-gradle-plugin\expo-autolinking-settings-plugin\src\main\kotlin\expo\modules\plugin\ExpoAutolinkingConfigExtensions.kt, C:\appicon\node_modules\expo-modules-autolinking\android\expo-gradle-plugin\expo-autolinking-settings-plugin\src\main\kotlin\expo\modules\plugin\ExpoAutolinkingSettingsExtension.kt, C:\appicon\node_modules\expo-modules-autolinking\android\expo-gradle-plugin\expo-autolinking-settings-plugin\src\main\kotlin\expo\modules\plugin\ExpoAutolinkingSettingsPlugin.kt, C:\appicon\node_modules\expo-modules-autolinking\android\expo-gradle-plugin\expo-autolinking-settings-plugin\src\main\kotlin\expo\modules\plugin\gradle\GradleExtension.kt, C:\appicon\node_modules\expo-modules-autolinking\android\expo-gradle-plugin\expo-autolinking-settings-plugin\src\main\kotlin\expo\modules\plugin\gradle\MavenArtifactRepositoryExtension.kt, C:\appicon\node_modules\expo-modules-autolinking\android\expo-gradle-plugin\expo-autolinking-settings-plugin\src\main\kotlin\expo\modules\plugin\gradle\ProjectExtension.kt, C:\appicon\node_modules\expo-modules-autolinking\android\expo-gradle-plugin\expo-autolinking-settings-plugin\src\main\kotlin\expo\modules\plugin\gradle\SettingsExtension.kt, C:\appicon\node_modules\expo-modules-autolinking\android\expo-gradle-plugin\expo-autolinking-settings-plugin\src\main\kotlin\expo\modules\plugin\SettingsManager.kt, C:\appicon\node_modules\expo-modules-autolinking\android\expo-gradle-plugin\expo-autolinking-settings-plugin\src\main\kotlin\expo\modules\plugin\utils\Env.kt, C:\appicon\node_modules\expo-modules-autolinking\android\expo-gradle-plugin\expo-autolinking-settings-plugin\src\main\kotlin\expo\modules\plugin\utils\PropertiesExtension.kt
Java source files: 
Script source files: 
Script file extensions: 
Using Kotlin/JVM incremental compilation
[KOTLIN] Kotlin compilation 'jdkHome' argument: C:\Program Files\Android\Android Studio\jbr
Options for KOTLIN DAEMON: IncrementalCompilationOptions(super=CompilationOptions(compilerMode=INCREMENTAL_COMPILER, targetPlatform=JVM, reportCategories=[0, 3], reportSeverity=2, requestedCompilationResults=[0], kotlinScriptExtensions=[]), sourceChanges=org.jetbrains.kotlin.buildtools.api.SourcesChanges$Unknown@70d5dc7b, classpathChanges=NotAvailableForNonIncrementalRun, workingDir=C:\appicon\node_modules\expo-modules-autolinking\android\expo-gradle-plugin\expo-autolinking-settings-plugin\build\kotlin\compileKotlin\cacheable, multiModuleICSettings=MultiModuleICSettings(buildHistoryFile=C:\appicon\node_modules\expo-modules-autolinking\android\expo-gradle-plugin\expo-autolinking-settings-plugin\build\kotlin\compileKotlin\local-state\build-history.bin, useModuleDetection=false), usePreciseJavaTracking=true, icFeatures=IncrementalCompilationFeatures(withAbiSnapshot=false, preciseCompilationResultsBackup=true, keepIncrementalCompilationCachesInMemory=true, enableUnsafeIncrementalCompilationForMultiplatform=false, enableMonotonousIncrementalCompileSetExpansion=true), outputFiles=[C:\appicon\node_modules\expo-modules-autolinking\android\expo-gradle-plugin\expo-autolinking-settings-plugin\build\classes\kotlin\main, C:\appicon\node_modules\expo-modules-autolinking\android\expo-gradle-plugin\expo-autolinking-settings-plugin\build\kotlin\compileKotlin\cacheable, C:\appicon\node_modules\expo-modules-autolinking\android\expo-gradle-plugin\expo-autolinking-settings-plugin\build\kotlin\compileKotlin\local-state])
Finished executing kotlin compiler using DAEMON strategy
Resolve mutations for :expo-gradle-plugin:expo-autolinking-settings-plugin:compileJava (Thread[#604,Execution worker Thread 6,5,main]) started.
:expo-gradle-plugin:expo-autolinking-settings-plugin:compileJava (Thread[#606,Execution worker Thread 8,5,main]) started.

> Task :expo-gradle-plugin:expo-autolinking-settings-plugin:compileJava NO-SOURCE
Skipping task ':expo-gradle-plugin:expo-autolinking-settings-plugin:compileJava' as it has no source files and no previous output files.
Resolve mutations for :expo-gradle-plugin:expo-autolinking-settings-plugin:classes (Thread[#606,Execution worker Thread 8,5,main]) started.
:expo-gradle-plugin:expo-autolinking-settings-plugin:classes (Thread[#606,Execution worker Thread 8,5,main]) started.

> Task :expo-gradle-plugin:expo-autolinking-settings-plugin:classes
Skipping task ':expo-gradle-plugin:expo-autolinking-settings-plugin:classes' as it has no actions.
Resolve mutations for :expo-gradle-plugin:expo-autolinking-settings-plugin:jar (Thread[#606,Execution worker Thread 8,5,main]) started.
:expo-gradle-plugin:expo-autolinking-settings-plugin:jar (Thread[#606,Execution worker Thread 8,5,main]) started.

> Task :expo-gradle-plugin:expo-autolinking-settings-plugin:jar
Caching disabled for task ':expo-gradle-plugin:expo-autolinking-settings-plugin:jar' because:
  Build cache is disabled
  Not worth caching
Task ':expo-gradle-plugin:expo-autolinking-settings-plugin:jar' is not up-to-date because:
  Executed with '--rerun-tasks'.
file or directory 'C:\appicon\node_modules\expo-modules-autolinking\android\expo-gradle-plugin\expo-autolinking-settings-plugin\build\classes\java\main', not found
Starting process 'command 'node''. Working directory: C:\appicon\android Command: node --print require.resolve('expo-modules-autolinking/package.json', { paths: [require.resolve('expo/package.json')] })
Successfully started process 'command 'node''
Starting process 'command 'cmd''. Working directory: C:\appicon\android Command: cmd /c node --no-warnings --eval require('expo/bin/autolinking') expo-modules-autolinking resolve --platform android --json
Successfully started process 'command 'cmd''
Starting process 'command 'node''. Working directory: C:\appicon\android Command: node --print require.resolve('react-native/package.json')
Successfully started process 'command 'node''
Starting process 'command 'node''. Working directory: C:\appicon\android Command: node --print require.resolve('@react-native/gradle-plugin/package.json', { paths: [require.resolve('react-native/package.json')] })
Successfully started process 'command 'node''
Settings evaluated using settings file 'C:\appicon\android\settings.gradle'.
Now considering [C:\appicon\node_modules\expo-modules-core\expo-module-gradle-plugin, C:\appicon\node_modules\expo-modules-autolinking\android\expo-gradle-plugin, C:\appicon\node_modules\@react-native\gradle-plugin, C:\appicon\android] as hierarchies to watch
Projects loaded. Root project using build file 'C:\appicon\android\build.gradle'.
Included projects: [root project 'appicon', project ':app', project ':expo', project ':expo-constants', project ':expo-log-box', project ':expo-modules-core', project ':react-native-async-storage_async-storage', project ':react-native-gesture-handler', project ':react-native-launcher-kit', project ':react-native-masked-view_masked-view', project ':react-native-safe-area-context', project ':react-native-screens']
Registering project ':expo-gradle-plugin' in composite build. Will substitute for module ':expo-gradle-plugin'.
Registering project ':expo-gradle-plugin:expo-autolinking-plugin' in composite build. Will substitute for module 'expo.modules:expo-autolinking-plugin'.
Registering project ':expo-gradle-plugin:expo-autolinking-plugin-shared' in composite build. Will substitute for module 'expo.modules:expo-autolinking-plugin-shared'.
Registering project ':expo-gradle-plugin:expo-autolinking-settings-plugin' in composite build. Will substitute for module 'expo.modules:expo-autolinking-settings-plugin'.
Registering project ':expo-gradle-plugin:expo-max-sdk-override-plugin' in composite build. Will substitute for module 'expo.modules:expo-max-sdk-override-plugin'.

> Configure project :expo-module-gradle-plugin
Evaluating project ':expo-module-gradle-plugin' using build file 'C:\appicon\node_modules\expo-modules-core\expo-module-gradle-plugin\build.gradle.kts'.
Resolved plugin [id: 'org.jetbrains.kotlin.jvm', version: '2.1.20']
Resolved plugin [id: 'java-gradle-plugin']
Build 75c9f5c9-13ca-4f36-a48f-6e43f5e7c493 is started
Using Kotlin Gradle Plugin gradle85 variant
kotlin scripting plugin: created the scripting discovery configuration: kotlinScriptDef
kotlin scripting plugin: created the scripting discovery configuration: testKotlinScriptDef
Registering project ':expo-module-gradle-plugin' in composite build. Will substitute for module 'expo.modules:expo-module-gradle-plugin'.
Registering project ':gradle-plugin' in composite build. Will substitute for module ':gradle-plugin-root'.
Registering project ':gradle-plugin:react-native-gradle-plugin' in composite build. Will substitute for module 'com.facebook.react:react-native-gradle-plugin'.
Registering project ':gradle-plugin:settings-plugin' in composite build. Will substitute for module 'com.facebook.react:settings-plugin'.
Registering project ':gradle-plugin:shared' in composite build. Will substitute for module 'com.facebook.react:shared'.
Registering project ':gradle-plugin:shared-testutil' in composite build. Will substitute for module 'com.facebook.react:shared-testutil'.
Resolve mutations for :expo-gradle-plugin:expo-autolinking-plugin:checkKotlinGradlePluginConfigurationErrors (Thread[#608,Execution worker Thread 10,5,main]) started.
destroyer locations for task group 0 (Thread[#601,Execution worker Thread 3,5,main]) started.
work action resolve expo-autolinking-plugin-shared-1.0.jar (project :expo-gradle-plugin:expo-autolinking-plugin-shared) (Thread[#607,Execution worker Thread 9,5,main]) started.
:expo-gradle-plugin:expo-autolinking-plugin:checkKotlinGradlePluginConfigurationErrors (Thread[#608,Execution worker Thread 10,5,main]) started.
Resolve mutations for :gradle-plugin:react-native-gradle-plugin:checkKotlinGradlePluginConfigurationErrors (Thread[#600,Execution worker Thread 2,5,main]) started.
:gradle-plugin:react-native-gradle-plugin:checkKotlinGradlePluginConfigurationErrors (Thread[#600,Execution worker Thread 2,5,main]) started.

> Task :expo-gradle-plugin:expo-max-sdk-override-plugin:checkKotlinGradlePluginConfigurationErrors SKIPPED
Skipping task ':expo-gradle-plugin:expo-max-sdk-override-plugin:checkKotlinGradlePluginConfigurationErrors' as task onlyIf 'errorDiagnostics are present' is false.

> Task :expo-gradle-plugin:expo-autolinking-plugin:checkKotlinGradlePluginConfigurationErrors SKIPPED
Skipping task ':expo-gradle-plugin:expo-autolinking-plugin:checkKotlinGradlePluginConfigurationErrors' as task onlyIf 'errorDiagnostics are present' is false.

> Task :gradle-plugin:react-native-gradle-plugin:checkKotlinGradlePluginConfigurationErrors SKIPPED
Skipping task ':gradle-plugin:react-native-gradle-plugin:checkKotlinGradlePluginConfigurationErrors' as task onlyIf 'errorDiagnostics are present' is false.
Resolve mutations for :gradle-plugin:react-native-gradle-plugin:compileKotlin (Thread[#600,Execution worker Thread 2,5,main]) started.
Resolve mutations for :expo-gradle-plugin:expo-autolinking-plugin:compileKotlin (Thread[#608,Execution worker Thread 10,5,main]) started.
:gradle-plugin:react-native-gradle-plugin:compileKotlin (Thread[#600,Execution worker Thread 2,5,main]) started.
:expo-gradle-plugin:expo-autolinking-plugin:compileKotlin (Thread[#608,Execution worker Thread 10,5,main]) started.

> Task :expo-module-gradle-plugin:checkKotlinGradlePluginConfigurationErrors SKIPPED
Skipping task ':expo-module-gradle-plugin:checkKotlinGradlePluginConfigurationErrors' as task onlyIf 'errorDiagnostics are present' is false.

> Task :expo-module-gradle-plugin:pluginDescriptors
Caching disabled for task ':expo-module-gradle-plugin:pluginDescriptors' because:
  Build cache is disabled
  Not worth caching
Task ':expo-module-gradle-plugin:pluginDescriptors' is not up-to-date because:
  Executed with '--rerun-tasks'.

> Task :expo-module-gradle-plugin:processResources
Caching disabled for task ':expo-module-gradle-plugin:processResources' because:
  Build cache is disabled
  Not worth caching
Task ':expo-module-gradle-plugin:processResources' is not up-to-date because:
  Executed with '--rerun-tasks'.
file or directory 'C:\appicon\node_modules\expo-modules-core\expo-module-gradle-plugin\src\main\resources', not found
Resolve mutations for :expo-gradle-plugin:expo-autolinking-plugin:pluginDescriptors (Thread[#602,Execution worker Thread 4,5,main]) started.
:expo-gradle-plugin:expo-autolinking-plugin:pluginDescriptors (Thread[#602,Execution worker Thread 4,5,main]) started.
Resolve mutations for :expo-gradle-plugin:expo-max-sdk-override-plugin:pluginDescriptors (Thread[#601,Execution worker Thread 3,5,main]) started.
:expo-gradle-plugin:expo-max-sdk-override-plugin:pluginDescriptors (Thread[#601,Execution worker Thread 3,5,main]) started.

> Task :expo-gradle-plugin:expo-max-sdk-override-plugin:pluginDescriptors
Caching disabled for task ':expo-gradle-plugin:expo-max-sdk-override-plugin:pluginDescriptors' because:
  Build cache is disabled
  Not worth caching
Task ':expo-gradle-plugin:expo-max-sdk-override-plugin:pluginDescriptors' is not up-to-date because:
  Executed with '--rerun-tasks'.
Resolve mutations for :expo-gradle-plugin:expo-max-sdk-override-plugin:processResources (Thread[#601,Execution worker Thread 3,5,main]) started.
:expo-gradle-plugin:expo-max-sdk-override-plugin:processResources (Thread[#601,Execution worker Thread 3,5,main]) started.

> Task :expo-gradle-plugin:expo-autolinking-plugin:pluginDescriptors
Caching disabled for task ':expo-gradle-plugin:expo-autolinking-plugin:pluginDescriptors' because:
  Build cache is disabled
  Not worth caching
Task ':expo-gradle-plugin:expo-autolinking-plugin:pluginDescriptors' is not up-to-date because:
  Executed with '--rerun-tasks'.
Resolve mutations for :expo-gradle-plugin:expo-autolinking-plugin:processResources (Thread[#602,Execution worker Thread 4,5,main]) started.
:expo-gradle-plugin:expo-autolinking-plugin:processResources (Thread[#602,Execution worker Thread 4,5,main]) started.

> Task :expo-gradle-plugin:expo-autolinking-plugin:processResources
Caching disabled for task ':expo-gradle-plugin:expo-autolinking-plugin:processResources' because:
  Build cache is disabled
  Not worth caching
Task ':expo-gradle-plugin:expo-autolinking-plugin:processResources' is not up-to-date because:
  Executed with '--rerun-tasks'.
file or directory 'C:\appicon\node_modules\expo-modules-autolinking\android\expo-gradle-plugin\expo-autolinking-plugin\src\main\resources', not found

> Task :expo-gradle-plugin:expo-max-sdk-override-plugin:processResources
Caching disabled for task ':expo-gradle-plugin:expo-max-sdk-override-plugin:processResources' because:
  Build cache is disabled
  Not worth caching
Task ':expo-gradle-plugin:expo-max-sdk-override-plugin:processResources' is not up-to-date because:
  Executed with '--rerun-tasks'.
file or directory 'C:\appicon\node_modules\expo-modules-autolinking\android\expo-gradle-plugin\expo-max-sdk-override-plugin\src\main\resources', not found
Resolve mutations for :gradle-plugin:react-native-gradle-plugin:pluginDescriptors (Thread[#601,Execution worker Thread 3,5,main]) started.
:gradle-plugin:react-native-gradle-plugin:pluginDescriptors (Thread[#601,Execution worker Thread 3,5,main]) started.

> Task :gradle-plugin:react-native-gradle-plugin:pluginDescriptors
Caching disabled for task ':gradle-plugin:react-native-gradle-plugin:pluginDescriptors' because:
  Build cache is disabled
  Not worth caching
Task ':gradle-plugin:react-native-gradle-plugin:pluginDescriptors' is not up-to-date because:
  Executed with '--rerun-tasks'.
Resolve mutations for :gradle-plugin:react-native-gradle-plugin:processResources (Thread[#601,Execution worker Thread 3,5,main]) started.
:gradle-plugin:react-native-gradle-plugin:processResources (Thread[#601,Execution worker Thread 3,5,main]) started.

> Task :gradle-plugin:react-native-gradle-plugin:processResources
Caching disabled for task ':gradle-plugin:react-native-gradle-plugin:processResources' because:
  Build cache is disabled
  Not worth caching
Task ':gradle-plugin:react-native-gradle-plugin:processResources' is not up-to-date because:
  Executed with '--rerun-tasks'.
file or directory 'C:\appicon\node_modules\@react-native\gradle-plugin\react-native-gradle-plugin\src\main\resources', not found

> Task :expo-gradle-plugin:expo-max-sdk-override-plugin:compileKotlin
Caching disabled for task ':expo-gradle-plugin:expo-max-sdk-override-plugin:compileKotlin' because:
  Build cache is disabled
Task ':expo-gradle-plugin:expo-max-sdk-override-plugin:compileKotlin' is not up-to-date because:
  Executed with '--rerun-tasks'.
The input changes require a full rebuild for incremental task ':expo-gradle-plugin:expo-max-sdk-override-plugin:compileKotlin'.
file or directory 'C:\appicon\node_modules\expo-modules-autolinking\android\expo-gradle-plugin\expo-max-sdk-override-plugin\src\main\java', not found
file or directory 'C:\appicon\node_modules\expo-modules-autolinking\android\expo-gradle-plugin\expo-max-sdk-override-plugin\src\main\java', not found
file or directory 'C:\appicon\node_modules\expo-modules-autolinking\android\expo-gradle-plugin\expo-max-sdk-override-plugin\src\main\java', not found
file or directory 'C:\appicon\node_modules\expo-modules-autolinking\android\expo-gradle-plugin\expo-max-sdk-override-plugin\src\main\java', not found
Kotlin source files: C:\appicon\node_modules\expo-modules-autolinking\android\expo-gradle-plugin\expo-max-sdk-override-plugin\src\main\kotlin\expo\modules\plugin\AnalyzeManifestReport.kt, C:\appicon\node_modules\expo-modules-autolinking\android\expo-gradle-plugin\expo-max-sdk-override-plugin\src\main\kotlin\expo\modules\plugin\ExpoMaxSdkOverridePlugin.kt, C:\appicon\node_modules\expo-modules-autolinking\android\expo-gradle-plugin\expo-max-sdk-override-plugin\src\main\kotlin\expo\modules\plugin\ExpoMaxSdkOverrideTask.kt, C:\appicon\node_modules\expo-modules-autolinking\android\expo-gradle-plugin\expo-max-sdk-override-plugin\src\main\kotlin\expo\modules\plugin\FindPermissionsToOverride.kt, C:\appicon\node_modules\expo-modules-autolinking\android\expo-gradle-plugin\expo-max-sdk-override-plugin\src\main\kotlin\expo\modules\plugin\PermissionInfo.kt, C:\appicon\node_modules\expo-modules-autolinking\android\expo-gradle-plugin\expo-max-sdk-override-plugin\src\main\kotlin\expo\modules\plugin\utils\ExtractPathFromLine.kt
Java source files: 
Script source files: 
Script file extensions: 
Using Kotlin/JVM incremental compilation
[KOTLIN] Kotlin compilation 'jdkHome' argument: C:\Program Files\Android\Android Studio\jbr
Options for KOTLIN DAEMON: IncrementalCompilationOptions(super=CompilationOptions(compilerMode=INCREMENTAL_COMPILER, targetPlatform=JVM, reportCategories=[0, 3], reportSeverity=2, requestedCompilationResults=[0], kotlinScriptExtensions=[]), sourceChanges=org.jetbrains.kotlin.buildtools.api.SourcesChanges$Unknown@70d5dc7b, classpathChanges=NotAvailableForNonIncrementalRun, workingDir=C:\appicon\node_modules\expo-modules-autolinking\android\expo-gradle-plugin\expo-max-sdk-override-plugin\build\kotlin\compileKotlin\cacheable, multiModuleICSettings=MultiModuleICSettings(buildHistoryFile=C:\appicon\node_modules\expo-modules-autolinking\android\expo-gradle-plugin\expo-max-sdk-override-plugin\build\kotlin\compileKotlin\local-state\build-history.bin, useModuleDetection=false), usePreciseJavaTracking=true, icFeatures=IncrementalCompilationFeatures(withAbiSnapshot=false, preciseCompilationResultsBackup=true, keepIncrementalCompilationCachesInMemory=true, enableUnsafeIncrementalCompilationForMultiplatform=false, enableMonotonousIncrementalCompileSetExpansion=true), outputFiles=[C:\appicon\node_modules\expo-modules-autolinking\android\expo-gradle-plugin\expo-max-sdk-override-plugin\build\classes\kotlin\main, C:\appicon\node_modules\expo-modules-autolinking\android\expo-gradle-plugin\expo-max-sdk-override-plugin\build\kotlin\compileKotlin\cacheable, C:\appicon\node_modules\expo-modules-autolinking\android\expo-gradle-plugin\expo-max-sdk-override-plugin\build\kotlin\compileKotlin\local-state])
Finished executing kotlin compiler using DAEMON strategy

> Task :expo-gradle-plugin:expo-max-sdk-override-plugin:compileJava NO-SOURCE
Skipping task ':expo-gradle-plugin:expo-max-sdk-override-plugin:compileJava' as it has no source files and no previous output files.

> Task :expo-gradle-plugin:expo-max-sdk-override-plugin:classes
Skipping task ':expo-gradle-plugin:expo-max-sdk-override-plugin:classes' as it has no actions.

> Task :expo-gradle-plugin:expo-max-sdk-override-plugin:jar
Caching disabled for task ':expo-gradle-plugin:expo-max-sdk-override-plugin:jar' because:
  Build cache is disabled
  Not worth caching
Task ':expo-gradle-plugin:expo-max-sdk-override-plugin:jar' is not up-to-date because:
  Executed with '--rerun-tasks'.
file or directory 'C:\appicon\node_modules\expo-modules-autolinking\android\expo-gradle-plugin\expo-max-sdk-override-plugin\build\classes\java\main', not found

> Configure project :
Evaluating root project 'appicon' using build file 'C:\appicon\android\build.gradle'.
Found project 'project :expo-gradle-plugin:expo-autolinking-plugin' as substitute for module 'expo.modules:expo-autolinking-plugin'.
Found project 'project :expo-gradle-plugin:expo-max-sdk-override-plugin' as substitute for module 'expo.modules:expo-max-sdk-override-plugin'.
Found project 'project :expo-module-gradle-plugin' as substitute for module 'expo.modules:expo-module-gradle-plugin'.
Found project 'project :gradle-plugin:react-native-gradle-plugin' as substitute for module 'com.facebook.react:react-native-gradle-plugin'.
Found project 'project :expo-gradle-plugin:expo-autolinking-plugin-shared' as substitute for module 'expo.modules:expo-autolinking-plugin-shared'.
Found project 'project :gradle-plugin:react-native-gradle-plugin' as substitute for module 'com.facebook.react:react-native-gradle-plugin'.
Found project 'project :expo-gradle-plugin:expo-autolinking-plugin-shared' as substitute for module 'expo.modules:expo-autolinking-plugin-shared'.
Ignoring listeners of task graph ready event, as this build (:expo-gradle-plugin) has already executed work.
Ignoring listeners of task graph ready event, as this build (:gradle-plugin) has already executed work.
Resolve mutations for :expo-module-gradle-plugin:checkKotlinGradlePluginConfigurationErrors (Thread[#598,included builds Thread 2,5,main]) started.
Resolve mutations for :expo-gradle-plugin:expo-max-sdk-override-plugin:checkKotlinGradlePluginConfigurationErrors (Thread[#597,included builds,5,main]) started.
:expo-gradle-plugin:expo-max-sdk-override-plugin:checkKotlinGradlePluginConfigurationErrors (Thread[#597,included builds,5,main]) started.
:expo-module-gradle-plugin:checkKotlinGradlePluginConfigurationErrors (Thread[#598,included builds Thread 2,5,main]) started.
Resolve mutations for :expo-gradle-plugin:expo-max-sdk-override-plugin:compileKotlin (Thread[#597,included builds,5,main]) started.
:expo-gradle-plugin:expo-max-sdk-override-plugin:compileKotlin (Thread[#597,included builds,5,main]) started.
Resolve mutations for :expo-module-gradle-plugin:pluginDescriptors (Thread[#598,included builds Thread 2,5,main]) started.
:expo-module-gradle-plugin:pluginDescriptors (Thread[#598,included builds Thread 2,5,main]) started.
Resolve mutations for :expo-module-gradle-plugin:processResources (Thread[#598,included builds Thread 2,5,main]) started.
:expo-module-gradle-plugin:processResources (Thread[#598,included builds Thread 2,5,main]) started.
Resolve mutations for :expo-gradle-plugin:expo-max-sdk-override-plugin:compileJava (Thread[#597,included builds,5,main]) started.
:expo-gradle-plugin:expo-max-sdk-override-plugin:compileJava (Thread[#597,included builds,5,main]) started.
Resolve mutations for :expo-gradle-plugin:expo-max-sdk-override-plugin:classes (Thread[#597,included builds,5,main]) started.
:expo-gradle-plugin:expo-max-sdk-override-plugin:classes (Thread[#597,included builds,5,main]) started.
Resolve mutations for :expo-gradle-plugin:expo-max-sdk-override-plugin:jar (Thread[#597,included builds,5,main]) started.
:expo-gradle-plugin:expo-max-sdk-override-plugin:jar (Thread[#597,included builds,5,main]) started.

> Task :expo-gradle-plugin:expo-autolinking-plugin:compileKotlin
Caching disabled for task ':expo-gradle-plugin:expo-autolinking-plugin:compileKotlin' because:
  Build cache is disabled
Task ':expo-gradle-plugin:expo-autolinking-plugin:compileKotlin' is not up-to-date because:
  Executed with '--rerun-tasks'.
The input changes require a full rebuild for incremental task ':expo-gradle-plugin:expo-autolinking-plugin:compileKotlin'.
file or directory 'C:\appicon\node_modules\expo-modules-autolinking\android\expo-gradle-plugin\expo-autolinking-plugin\src\main\java', not found
file or directory 'C:\appicon\node_modules\expo-modules-autolinking\android\expo-gradle-plugin\expo-autolinking-plugin\src\main\java', not found
file or directory 'C:\appicon\node_modules\expo-modules-autolinking\android\expo-gradle-plugin\expo-autolinking-plugin\src\main\java', not found
file or directory 'C:\appicon\node_modules\expo-modules-autolinking\android\expo-gradle-plugin\expo-autolinking-plugin\src\main\java', not found
Kotlin source files: C:\appicon\node_modules\expo-modules-autolinking\android\expo-gradle-plugin\expo-autolinking-plugin\src\main\kotlin\expo\modules\plugin\ExpoAutolinkingPlugin.kt, C:\appicon\node_modules\expo-modules-autolinking\android\expo-gradle-plugin\expo-autolinking-plugin\src\main\kotlin\expo\modules\plugin\ExpoRootProjectPlugin.kt, C:\appicon\node_modules\expo-modules-autolinking\android\expo-gradle-plugin\expo-autolinking-plugin\src\main\kotlin\expo\modules\plugin\GeneratePackagesListTask.kt, C:\appicon\node_modules\expo-modules-autolinking\android\expo-gradle-plugin\expo-autolinking-plugin\src\main\kotlin\expo\modules\plugin\KSPLookup.kt, C:\appicon\node_modules\expo-modules-autolinking\android\expo-gradle-plugin\expo-autolinking-plugin\src\main\kotlin\expo\modules\plugin\ProjectExtension.kt
Java source files: 
Script source files: 
Script file extensions: 
Using Kotlin/JVM incremental compilation
[KOTLIN] Kotlin compilation 'jdkHome' argument: C:\Program Files\Android\Android Studio\jbr
Options for KOTLIN DAEMON: IncrementalCompilationOptions(super=CompilationOptions(compilerMode=INCREMENTAL_COMPILER, targetPlatform=JVM, reportCategories=[0, 3], reportSeverity=2, requestedCompilationResults=[0], kotlinScriptExtensions=[]), sourceChanges=org.jetbrains.kotlin.buildtools.api.SourcesChanges$Unknown@70d5dc7b, classpathChanges=NotAvailableForNonIncrementalRun, workingDir=C:\appicon\node_modules\expo-modules-autolinking\android\expo-gradle-plugin\expo-autolinking-plugin\build\kotlin\compileKotlin\cacheable, multiModuleICSettings=MultiModuleICSettings(buildHistoryFile=C:\appicon\node_modules\expo-modules-autolinking\android\expo-gradle-plugin\expo-autolinking-plugin\build\kotlin\compileKotlin\local-state\build-history.bin, useModuleDetection=false), usePreciseJavaTracking=true, icFeatures=IncrementalCompilationFeatures(withAbiSnapshot=false, preciseCompilationResultsBackup=true, keepIncrementalCompilationCachesInMemory=true, enableUnsafeIncrementalCompilationForMultiplatform=false, enableMonotonousIncrementalCompileSetExpansion=true), outputFiles=[C:\appicon\node_modules\expo-modules-autolinking\android\expo-gradle-plugin\expo-autolinking-plugin\build\classes\kotlin\main, C:\appicon\node_modules\expo-modules-autolinking\android\expo-gradle-plugin\expo-autolinking-plugin\build\kotlin\compileKotlin\cacheable, C:\appicon\node_modules\expo-modules-autolinking\android\expo-gradle-plugin\expo-autolinking-plugin\build\kotlin\compileKotlin\local-state])
Finished executing kotlin compiler using DAEMON strategy
Resolve mutations for :expo-gradle-plugin:expo-autolinking-plugin:compileJava (Thread[#608,Execution worker Thread 10,5,main]) started.
:expo-gradle-plugin:expo-autolinking-plugin:compileJava (Thread[#608,Execution worker Thread 10,5,main]) started.

> Task :expo-gradle-plugin:expo-autolinking-plugin:compileJava NO-SOURCE
Skipping task ':expo-gradle-plugin:expo-autolinking-plugin:compileJava' as it has no source files and no previous output files.
Resolve mutations for :expo-gradle-plugin:expo-autolinking-plugin:classes (Thread[#608,Execution worker Thread 10,5,main]) started.
:expo-gradle-plugin:expo-autolinking-plugin:classes (Thread[#608,Execution worker Thread 10,5,main]) started.

> Task :expo-gradle-plugin:expo-autolinking-plugin:classes
Skipping task ':expo-gradle-plugin:expo-autolinking-plugin:classes' as it has no actions.
Resolve mutations for :expo-gradle-plugin:expo-autolinking-plugin:jar (Thread[#608,Execution worker Thread 10,5,main]) started.
:expo-gradle-plugin:expo-autolinking-plugin:jar (Thread[#608,Execution worker Thread 10,5,main]) started.

> Task :expo-gradle-plugin:expo-autolinking-plugin:jar
Caching disabled for task ':expo-gradle-plugin:expo-autolinking-plugin:jar' because:
  Build cache is disabled
  Not worth caching
Task ':expo-gradle-plugin:expo-autolinking-plugin:jar' is not up-to-date because:
  Executed with '--rerun-tasks'.
file or directory 'C:\appicon\node_modules\expo-modules-autolinking\android\expo-gradle-plugin\expo-autolinking-plugin\build\classes\java\main', not found

> Task :gradle-plugin:react-native-gradle-plugin:compileKotlin
Caching disabled for task ':gradle-plugin:react-native-gradle-plugin:compileKotlin' because:
  Build cache is disabled
Task ':gradle-plugin:react-native-gradle-plugin:compileKotlin' is not up-to-date because:
  Executed with '--rerun-tasks'.
The input changes require a full rebuild for incremental task ':gradle-plugin:react-native-gradle-plugin:compileKotlin'.
file or directory 'C:\appicon\node_modules\@react-native\gradle-plugin\react-native-gradle-plugin\src\main\java', not found
file or directory 'C:\appicon\node_modules\@react-native\gradle-plugin\react-native-gradle-plugin\src\main\java', not found
file or directory 'C:\appicon\node_modules\@react-native\gradle-plugin\react-native-gradle-plugin\src\main\java', not found
file or directory 'C:\appicon\node_modules\@react-native\gradle-plugin\react-native-gradle-plugin\src\main\java', not found
Kotlin source files: C:\appicon\node_modules\@react-native\gradle-plugin\react-native-gradle-plugin\src\main\kotlin\com\facebook\react\internal\PrivateReactExtension.kt, C:\appicon\node_modules\@react-native\gradle-plugin\react-native-gradle-plugin\src\main\kotlin\com\facebook\react\ReactExtension.kt, C:\appicon\node_modules\@react-native\gradle-plugin\react-native-gradle-plugin\src\main\kotlin\com\facebook\react\ReactPlugin.kt, C:\appicon\node_modules\@react-native\gradle-plugin\react-native-gradle-plugin\src\main\kotlin\com\facebook\react\ReactRootProjectPlugin.kt, C:\appicon\node_modules\@react-native\gradle-plugin\react-native-gradle-plugin\src\main\kotlin\com\facebook\react\TaskConfiguration.kt, C:\appicon\node_modules\@react-native\gradle-plugin\react-native-gradle-plugin\src\main\kotlin\com\facebook\react\tasks\BundleHermesCTask.kt, C:\appicon\node_modules\@react-native\gradle-plugin\react-native-gradle-plugin\src\main\kotlin\com\facebook\react\tasks\GenerateAutolinkingNewArchitecturesFileTask.kt, C:\appicon\node_modules\@react-native\gradle-plugin\react-native-gradle-plugin\src\main\kotlin\com\facebook\react\tasks\GenerateCodegenArtifactsTask.kt, C:\appicon\node_modules\@react-native\gradle-plugin\react-native-gradle-plugin\src\main\kotlin\com\facebook\react\tasks\GenerateCodegenSchemaTask.kt, C:\appicon\node_modules\@react-native\gradle-plugin\react-native-gradle-plugin\src\main\kotlin\com\facebook\react\tasks\GenerateEntryPointTask.kt, C:\appicon\node_modules\@react-native\gradle-plugin\react-native-gradle-plugin\src\main\kotlin\com\facebook\react\tasks\GeneratePackageListTask.kt, C:\appicon\node_modules\@react-native\gradle-plugin\react-native-gradle-plugin\src\main\kotlin\com\facebook\react\tasks\internal\BuildCodegenCLITask.kt, C:\appicon\node_modules\@react-native\gradle-plugin\react-native-gradle-plugin\src\main\kotlin\com\facebook\react\tasks\internal\CustomExecTask.kt, C:\appicon\node_modules\@react-native\gradle-plugin\react-native-gradle-plugin\src\main\kotlin\com\facebook\react\tasks\internal\PrepareBoostTask.kt, C:\appicon\node_modules\@react-native\gradle-plugin\react-native-gradle-plugin\src\main\kotlin\com\facebook\react\tasks\internal\PrepareGflagsTask.kt, C:\appicon\node_modules\@react-native\gradle-plugin\react-native-gradle-plugin\src\main\kotlin\com\facebook\react\tasks\internal\PrepareGlogTask.kt, C:\appicon\node_modules\@react-native\gradle-plugin\react-native-gradle-plugin\src\main\kotlin\com\facebook\react\tasks\internal\PreparePrefabHeadersTask.kt, C:\appicon\node_modules\@react-native\gradle-plugin\react-native-gradle-plugin\src\main\kotlin\com\facebook\react\tasks\internal\utils\PrefabPreprocessingEntry.kt, C:\appicon\node_modules\@react-native\gradle-plugin\react-native-gradle-plugin\src\main\kotlin\com\facebook\react\utils\AgpConfiguratorUtils.kt, C:\appicon\node_modules\@react-native\gradle-plugin\react-native-gradle-plugin\src\main\kotlin\com\facebook\react\utils\BackwardCompatUtils.kt, C:\appicon\node_modules\@react-native\gradle-plugin\react-native-gradle-plugin\src\main\kotlin\com\facebook\react\utils\DependencyUtils.kt, C:\appicon\node_modules\@react-native\gradle-plugin\react-native-gradle-plugin\src\main\kotlin\com\facebook\react\utils\FileUtils.kt, C:\appicon\node_modules\@react-native\gradle-plugin\react-native-gradle-plugin\src\main\kotlin\com\facebook\react\utils\JdkConfiguratorUtils.kt, C:\appicon\node_modules\@react-native\gradle-plugin\react-native-gradle-plugin\src\main\kotlin\com\facebook\react\utils\NdkConfiguratorUtils.kt, C:\appicon\node_modules\@react-native\gradle-plugin\react-native-gradle-plugin\src\main\kotlin\com\facebook\react\utils\PathUtils.kt, C:\appicon\node_modules\@react-native\gradle-plugin\react-native-gradle-plugin\src\main\kotlin\com\facebook\react\utils\ProjectUtils.kt, C:\appicon\node_modules\@react-native\gradle-plugin\react-native-gradle-plugin\src\main\kotlin\com\facebook\react\utils\PropertyUtils.kt
Java source files: 
Script source files: 
Script file extensions: 
Using Kotlin/JVM incremental compilation
[KOTLIN] Kotlin compilation 'jdkHome' argument: C:\Program Files\Microsoft\jdk-17.0.20.8-hotspot
Options for KOTLIN DAEMON: IncrementalCompilationOptions(super=CompilationOptions(compilerMode=INCREMENTAL_COMPILER, targetPlatform=JVM, reportCategories=[0, 3], reportSeverity=2, requestedCompilationResults=[0], kotlinScriptExtensions=[]), sourceChanges=org.jetbrains.kotlin.buildtools.api.SourcesChanges$Unknown@5971b36a, classpathChanges=NotAvailableForNonIncrementalRun, workingDir=C:\appicon\node_modules\@react-native\gradle-plugin\react-native-gradle-plugin\build\kotlin\compileKotlin\cacheable, multiModuleICSettings=MultiModuleICSettings(buildHistoryFile=C:\appicon\node_modules\@react-native\gradle-plugin\react-native-gradle-plugin\build\kotlin\compileKotlin\local-state\build-history.bin, useModuleDetection=false), usePreciseJavaTracking=true, icFeatures=IncrementalCompilationFeatures(withAbiSnapshot=false, preciseCompilationResultsBackup=true, keepIncrementalCompilationCachesInMemory=true, enableUnsafeIncrementalCompilationForMultiplatform=false, enableMonotonousIncrementalCompileSetExpansion=true), outputFiles=[C:\appicon\node_modules\@react-native\gradle-plugin\react-native-gradle-plugin\build\classes\kotlin\main, C:\appicon\node_modules\@react-native\gradle-plugin\react-native-gradle-plugin\build\kotlin\compileKotlin\cacheable, C:\appicon\node_modules\@react-native\gradle-plugin\react-native-gradle-plugin\build\kotlin\compileKotlin\local-state])
Finished executing kotlin compiler using DAEMON strategy
Resolve mutations for :gradle-plugin:react-native-gradle-plugin:compileJava (Thread[#600,Execution worker Thread 2,5,main]) started.
other build task :gradle-plugin:react-native-gradle-plugin:compileKotlin (Thread[#609,Execution worker Thread 11,5,main]) started.
:gradle-plugin:react-native-gradle-plugin:compileJava (Thread[#600,Execution worker Thread 2,5,main]) started.

> Task :gradle-plugin:react-native-gradle-plugin:compileJava NO-SOURCE
Skipping task ':gradle-plugin:react-native-gradle-plugin:compileJava' as it has no source files and no previous output files.
Resolve mutations for :gradle-plugin:react-native-gradle-plugin:classes (Thread[#600,Execution worker Thread 2,5,main]) started.
other build task :gradle-plugin:react-native-gradle-plugin:compileJava (Thread[#609,Execution worker Thread 11,5,main]) started.
:gradle-plugin:react-native-gradle-plugin:classes (Thread[#600,Execution worker Thread 2,5,main]) started.

> Task :gradle-plugin:react-native-gradle-plugin:classes
Skipping task ':gradle-plugin:react-native-gradle-plugin:classes' as it has no actions.
Resolve mutations for :gradle-plugin:react-native-gradle-plugin:jar (Thread[#600,Execution worker Thread 2,5,main]) started.
:gradle-plugin:react-native-gradle-plugin:jar (Thread[#600,Execution worker Thread 2,5,main]) started.

> Task :gradle-plugin:react-native-gradle-plugin:jar
Caching disabled for task ':gradle-plugin:react-native-gradle-plugin:jar' because:
  Build cache is disabled
  Not worth caching
Task ':gradle-plugin:react-native-gradle-plugin:jar' is not up-to-date because:
  Executed with '--rerun-tasks'.
file or directory 'C:\appicon\node_modules\@react-native\gradle-plugin\react-native-gradle-plugin\build\classes\java\main', not found
work action resolve main (project :gradle-plugin:react-native-gradle-plugin) (Thread[#600,Execution worker Thread 2,5,main]) started.
work action resolve main (project :gradle-plugin:react-native-gradle-plugin) (Thread[#600,Execution worker Thread 2,5,main]) started.
Resolve mutations for :expo-module-gradle-plugin:compileKotlin (Thread[#600,Execution worker Thread 2,5,main]) started.
:expo-module-gradle-plugin:compileKotlin (Thread[#600,Execution worker Thread 2,5,main]) started.

> Task :expo-module-gradle-plugin:compileKotlin
Caching disabled for task ':expo-module-gradle-plugin:compileKotlin' because:
  Build cache is disabled
Task ':expo-module-gradle-plugin:compileKotlin' is not up-to-date because:
  Executed with '--rerun-tasks'.
The input changes require a full rebuild for incremental task ':expo-module-gradle-plugin:compileKotlin'.
file or directory 'C:\appicon\node_modules\expo-modules-core\expo-module-gradle-plugin\src\main\java', not found
file or directory 'C:\appicon\node_modules\expo-modules-core\expo-module-gradle-plugin\src\main\java', not found
file or directory 'C:\appicon\node_modules\expo-modules-core\expo-module-gradle-plugin\src\main\java', not found
file or directory 'C:\appicon\node_modules\expo-modules-core\expo-module-gradle-plugin\src\main\java', not found
Kotlin source files: C:\appicon\node_modules\expo-modules-core\expo-module-gradle-plugin\src\main\kotlin\expo\modules\plugin\android\AndroidLibraryExtension.kt, C:\appicon\node_modules\expo-modules-core\expo-module-gradle-plugin\src\main\kotlin\expo\modules\plugin\android\MavenPublicationExtension.kt, C:\appicon\node_modules\expo-modules-core\expo-module-gradle-plugin\src\main\kotlin\expo\modules\plugin\AutolinkingIntegration.kt, C:\appicon\node_modules\expo-modules-core\expo-module-gradle-plugin\src\main\kotlin\expo\modules\plugin\ExpoModulesGradlePlugin.kt, C:\appicon\node_modules\expo-modules-core\expo-module-gradle-plugin\src\main\kotlin\expo\modules\plugin\ExtraPropertiesExtension.kt, C:\appicon\node_modules\expo-modules-core\expo-module-gradle-plugin\src\main\kotlin\expo\modules\plugin\gradle\ExpoGradleHelperExtension.kt, C:\appicon\node_modules\expo-modules-core\expo-module-gradle-plugin\src\main\kotlin\expo\modules\plugin\gradle\ExpoModuleExtension.kt, C:\appicon\node_modules\expo-modules-core\expo-module-gradle-plugin\src\main\kotlin\expo\modules\plugin\ProjectConfiguration.kt, C:\appicon\node_modules\expo-modules-core\expo-module-gradle-plugin\src\main\kotlin\expo\modules\plugin\Version.kt, C:\appicon\node_modules\expo-modules-core\expo-module-gradle-plugin\src\main\kotlin\expo\modules\plugin\Warnings.kt, C:\appicon\node_modules\expo-modules-core\expo-module-gradle-plugin\src\withAutolinkingPlugin\kotlin\expo\modules\plugin\AutolinkingIntegrationImpl.kt
Java source files: 
Script source files: 
Script file extensions: 
Using Kotlin/JVM incremental compilation
[KOTLIN] Kotlin compilation 'jdkHome' argument: C:\Program Files\Android\Android Studio\jbr
Options for KOTLIN DAEMON: IncrementalCompilationOptions(super=CompilationOptions(compilerMode=INCREMENTAL_COMPILER, targetPlatform=JVM, reportCategories=[0, 3], reportSeverity=2, requestedCompilationResults=[0], kotlinScriptExtensions=[]), sourceChanges=org.jetbrains.kotlin.buildtools.api.SourcesChanges$Unknown@70d5dc7b, classpathChanges=NotAvailableForNonIncrementalRun, workingDir=C:\appicon\node_modules\expo-modules-core\expo-module-gradle-plugin\build\kotlin\compileKotlin\cacheable, multiModuleICSettings=MultiModuleICSettings(buildHistoryFile=C:\appicon\node_modules\expo-modules-core\expo-module-gradle-plugin\build\kotlin\compileKotlin\local-state\build-history.bin, useModuleDetection=false), usePreciseJavaTracking=true, icFeatures=IncrementalCompilationFeatures(withAbiSnapshot=false, preciseCompilationResultsBackup=true, keepIncrementalCompilationCachesInMemory=true, enableUnsafeIncrementalCompilationForMultiplatform=false, enableMonotonousIncrementalCompileSetExpansion=true), outputFiles=[C:\appicon\node_modules\expo-modules-core\expo-module-gradle-plugin\build\classes\kotlin\main, C:\appicon\node_modules\expo-modules-core\expo-module-gradle-plugin\build\kotlin\compileKotlin\cacheable, C:\appicon\node_modules\expo-modules-core\expo-module-gradle-plugin\build\kotlin\compileKotlin\local-state])
w: file:///C:/appicon/node_modules/expo-modules-core/expo-module-gradle-plugin/src/main/kotlin/expo/modules/plugin/android/AndroidLibraryExtension.kt:9:24 'var targetSdk: Int?' is deprecated. Will be removed from library DSL in v9.0. Use testOptions.targetSdk or/and lint.targetSdk instead.
Finished executing kotlin compiler using DAEMON strategy
Resolve mutations for :expo-module-gradle-plugin:compileJava (Thread[#600,Execution worker Thread 2,5,main]) started.
:expo-module-gradle-plugin:compileJava (Thread[#600,Execution worker Thread 2,5,main]) started.

> Task :expo-module-gradle-plugin:compileJava NO-SOURCE
Skipping task ':expo-module-gradle-plugin:compileJava' as it has no source files and no previous output files.
Resolve mutations for :expo-module-gradle-plugin:classes (Thread[#600,Execution worker Thread 2,5,main]) started.
:expo-module-gradle-plugin:classes (Thread[#600,Execution worker Thread 2,5,main]) started.

> Task :expo-module-gradle-plugin:classes
Skipping task ':expo-module-gradle-plugin:classes' as it has no actions.
Resolve mutations for :expo-module-gradle-plugin:jar (Thread[#600,Execution worker Thread 2,5,main]) started.
:expo-module-gradle-plugin:jar (Thread[#600,Execution worker Thread 2,5,main]) started.

> Task :expo-module-gradle-plugin:jar
Caching disabled for task ':expo-module-gradle-plugin:jar' because:
  Build cache is disabled
  Not worth caching
Task ':expo-module-gradle-plugin:jar' is not up-to-date because:
  Executed with '--rerun-tasks'.
file or directory 'C:\appicon\node_modules\expo-modules-core\expo-module-gradle-plugin\build\classes\java\main', not found

> Configure project :
[32m[ExpoRootProject][0m Using the following versions:
  - buildTools:  [32m36.0.0[0m
  - minSdk:      [32m24[0m
  - compileSdk:  [32m36[0m
  - targetSdk:   [32m36[0m
  - ndk:         [32m27.1.12297006[0m
  - kotlin:      [32m2.1.20[0m
  - ksp:         [32m2.1.20-2.0.1[0m

> Configure project :app
Evaluating project ':app' using build file 'C:\appicon\android\app\build.gradle'.
WARNING: The option setting 'android.aapt2FromMavenOverride=C:/Users/Preneel/AppData/Local/Android/SdkClean/build-tools/36.0.0/aapt2.exe' is experimental.
Using default execution profile
 ℹ️  [33mApplying gradle plugin[0m '[32mexpo-max-sdk-override-plugin[0m'
  [expo-max-sdk-override-plugin] This plugin will find all permissions declared with `android:maxSdkVersion`. If there exists a declaration with the `android:maxSdkVersion` annotation and another one without, the plugin will remove the annotation from the final merged manifest. In order to see a log with the changes run a clean build of the app.
Build 08d6e3dc-438b-48a0-8d47-138e94ca4c1e is started
Using Kotlin Gradle Plugin gradle85 variant
C/C++: android.ndkVersion from module build.gradle is [27.1.12297006]
C/C++: android.ndkPath from module build.gradle is not set
C/C++: ndk.dir in local.properties is not set
C/C++: Not considering ANDROID_NDK_HOME because support was removed after deprecation period.
C/C++: sdkFolder is C:\Users\Preneel\AppData\Local\Android\SdkClean
C/C++: android.ndkVersion from module build.gradle is [27.1.12297006]
C/C++: android.ndkPath from module build.gradle is not set
C/C++: ndk.dir in local.properties is not set
C/C++: Not considering ANDROID_NDK_HOME because support was removed after deprecation period.
C/C++: sdkFolder is C:\Users\Preneel\AppData\Local\Android\SdkClean
C/C++: android.ndkVersion from module build.gradle is [27.1.12297006]
C/C++: android.ndkPath from module build.gradle is not set
C/C++: ndk.dir in local.properties is not set
C/C++: Not considering ANDROID_NDK_HOME because support was removed after deprecation period.
C/C++: sdkFolder is C:\Users\Preneel\AppData\Local\Android\SdkClean
C/C++: android.ndkVersion from module build.gradle is [27.1.12297006]
C/C++: android.ndkPath from module build.gradle is not set
C/C++: ndk.dir in local.properties is not set
C/C++: Not considering ANDROID_NDK_HOME because support was removed after deprecation period.
C/C++: sdkFolder is C:\Users\Preneel\AppData\Local\Android\SdkClean
C/C++: android.ndkVersion from module build.gradle is [27.1.12297006]
C/C++: android.ndkPath from module build.gradle is not set
C/C++: ndk.dir in local.properties is not set
C/C++: Not considering ANDROID_NDK_HOME because support was removed after deprecation period.
C/C++: sdkFolder is C:\Users\Preneel\AppData\Local\Android\SdkClean
C/C++: android.ndkVersion from module build.gradle is [27.1.12297006]
C/C++: android.ndkPath from module build.gradle is not set
C/C++: ndk.dir in local.properties is not set
C/C++: Not considering ANDROID_NDK_HOME because support was removed after deprecation period.
C/C++: sdkFolder is C:\Users\Preneel\AppData\Local\Android\SdkClean
C/C++: android.ndkVersion from module build.gradle is [27.1.12297006]
C/C++: android.ndkPath from module build.gradle is not set
C/C++: ndk.dir in local.properties is not set
C/C++: Not considering ANDROID_NDK_HOME because support was removed after deprecation period.
C/C++: sdkFolder is C:\Users\Preneel\AppData\Local\Android\SdkClean
C/C++: android.ndkVersion from module build.gradle is [27.1.12297006]
C/C++: android.ndkPath from module build.gradle is not set
C/C++: ndk.dir in local.properties is not set
C/C++: Not considering ANDROID_NDK_HOME because support was removed after deprecation period.
C/C++: sdkFolder is C:\Users\Preneel\AppData\Local\Android\SdkClean
C/C++: android.ndkVersion from module build.gradle is [27.1.12297006]
C/C++: android.ndkPath from module build.gradle is not set
C/C++: ndk.dir in local.properties is not set
C/C++: Not considering ANDROID_NDK_HOME because support was removed after deprecation period.
C/C++: sdkFolder is C:\Users\Preneel\AppData\Local\Android\SdkClean
C/C++: android.ndkVersion from module build.gradle is [27.1.12297006]
C/C++: android.ndkPath from module build.gradle is not set
C/C++: ndk.dir in local.properties is not set
C/C++: Not considering ANDROID_NDK_HOME because support was removed after deprecation period.
C/C++: sdkFolder is C:\Users\Preneel\AppData\Local\Android\SdkClean
C/C++: android.ndkVersion from module build.gradle is [27.1.12297006]
C/C++: android.ndkPath from module build.gradle is not set
C/C++: ndk.dir in local.properties is not set
C/C++: Not considering ANDROID_NDK_HOME because support was removed after deprecation period.
C/C++: sdkFolder is C:\Users\Preneel\AppData\Local\Android\SdkClean
C/C++: android.ndkVersion from module build.gradle is [27.1.12297006]
C/C++: android.ndkPath from module build.gradle is not set
C/C++: ndk.dir in local.properties is not set
C/C++: Not considering ANDROID_NDK_HOME because support was removed after deprecation period.
C/C++: sdkFolder is C:\Users\Preneel\AppData\Local\Android\SdkClean
C/C++: android.ndkVersion from module build.gradle is [27.1.12297006]
C/C++: android.ndkPath from module build.gradle is not set
C/C++: ndk.dir in local.properties is not set
C/C++: Not considering ANDROID_NDK_HOME because support was removed after deprecation period.
C/C++: sdkFolder is C:\Users\Preneel\AppData\Local\Android\SdkClean
C/C++: android.ndkVersion from module build.gradle is [27.1.12297006]
C/C++: android.ndkPath from module build.gradle is not set
C/C++: ndk.dir in local.properties is not set
C/C++: Not considering ANDROID_NDK_HOME because support was removed after deprecation period.
C/C++: sdkFolder is C:\Users\Preneel\AppData\Local\Android\SdkClean
C/C++: android.ndkVersion from module build.gradle is [27.1.12297006]
C/C++: android.ndkPath from module build.gradle is not set
C/C++: ndk.dir in local.properties is not set
C/C++: Not considering ANDROID_NDK_HOME because support was removed after deprecation period.
C/C++: sdkFolder is C:\Users\Preneel\AppData\Local\Android\SdkClean
C/C++: android.ndkVersion from module build.gradle is [27.1.12297006]
C/C++: android.ndkPath from module build.gradle is not set
C/C++: ndk.dir in local.properties is not set
C/C++: Not considering ANDROID_NDK_HOME because support was removed after deprecation period.
C/C++: sdkFolder is C:\Users\Preneel\AppData\Local\Android\SdkClean
C/C++: android.ndkVersion from module build.gradle is [27.1.12297006]
C/C++: android.ndkPath from module build.gradle is not set
C/C++: ndk.dir in local.properties is not set
C/C++: Not considering ANDROID_NDK_HOME because support was removed after deprecation period.
C/C++: sdkFolder is C:\Users\Preneel\AppData\Local\Android\SdkClean
C/C++: android.ndkVersion from module build.gradle is [27.1.12297006]
C/C++: android.ndkPath from module build.gradle is not set
C/C++: ndk.dir in local.properties is not set
C/C++: Not considering ANDROID_NDK_HOME because support was removed after deprecation period.
C/C++: sdkFolder is C:\Users\Preneel\AppData\Local\Android\SdkClean
C/C++: android.ndkVersion from module build.gradle is [27.1.12297006]
C/C++: android.ndkPath from module build.gradle is not set
C/C++: ndk.dir in local.properties is not set
C/C++: Not considering ANDROID_NDK_HOME because support was removed after deprecation period.
C/C++: sdkFolder is C:\Users\Preneel\AppData\Local\Android\SdkClean

> Configure project :expo-log-box
Evaluating project ':expo-log-box' using build file 'C:\appicon\node_modules\@expo\log-box\android\build.gradle'.
Resolved plugin [id: 'com.android.library']
Resolved plugin [id: 'expo-module-gradle-plugin']
Using default execution profile
Using Kotlin Gradle Plugin gradle85 variant

> Configure project :expo-constants
Evaluating project ':expo-constants' using build file 'C:\appicon\node_modules\expo-constants\android\build.gradle'.
Resolved plugin [id: 'com.android.library']
Resolved plugin [id: 'expo-module-gradle-plugin']
Using default execution profile
Using Kotlin Gradle Plugin gradle85 variant
Starting process 'command 'node''. Working directory: C:\appicon\node_modules\expo-constants\android Command: node -e console.log(require('path').dirname(require.resolve('expo-constants/package.json')));
Successfully started process 'command 'node''

> Configure project :expo-modules-core
Evaluating project ':expo-modules-core' using build file 'C:\appicon\node_modules\expo-modules-core\android\build.gradle'.
Using default execution profile
Using Kotlin Gradle Plugin gradle85 variant
Starting process 'command 'node''. Working directory: C:\appicon\android Command: node --print require.resolve('react-native/package.json')
Successfully started process 'command 'node''
C/C++: android.ndkVersion from module build.gradle is [27.1.12297006]
C/C++: android.ndkPath from module build.gradle is not set
C/C++: ndk.dir in local.properties is not set
C/C++: Not considering ANDROID_NDK_HOME because support was removed after deprecation period.
C/C++: sdkFolder is C:\Users\Preneel\AppData\Local\Android\SdkClean
C/C++: android.ndkVersion from module build.gradle is [27.1.12297006]
C/C++: android.ndkPath from module build.gradle is not set
C/C++: ndk.dir in local.properties is not set
C/C++: Not considering ANDROID_NDK_HOME because support was removed after deprecation period.
C/C++: sdkFolder is C:\Users\Preneel\AppData\Local\Android\SdkClean
C/C++: android.ndkVersion from module build.gradle is [27.1.12297006]
C/C++: android.ndkPath from module build.gradle is not set
C/C++: ndk.dir in local.properties is not set
C/C++: Not considering ANDROID_NDK_HOME because support was removed after deprecation period.
C/C++: sdkFolder is C:\Users\Preneel\AppData\Local\Android\SdkClean
C/C++: android.ndkVersion from module build.gradle is [27.1.12297006]
C/C++: android.ndkPath from module build.gradle is not set
C/C++: ndk.dir in local.properties is not set
C/C++: Not considering ANDROID_NDK_HOME because support was removed after deprecation period.
C/C++: sdkFolder is C:\Users\Preneel\AppData\Local\Android\SdkClean
C/C++: android.ndkVersion from module build.gradle is [27.1.12297006]
C/C++: android.ndkPath from module build.gradle is not set
C/C++: ndk.dir in local.properties is not set
C/C++: Not considering ANDROID_NDK_HOME because support was removed after deprecation period.
C/C++: sdkFolder is C:\Users\Preneel\AppData\Local\Android\SdkClean
C/C++: android.ndkVersion from module build.gradle is [27.1.12297006]
C/C++: android.ndkPath from module build.gradle is not set
C/C++: ndk.dir in local.properties is not set
C/C++: Not considering ANDROID_NDK_HOME because support was removed after deprecation period.
C/C++: sdkFolder is C:\Users\Preneel\AppData\Local\Android\SdkClean
C/C++: android.ndkVersion from module build.gradle is [27.1.12297006]
C/C++: android.ndkPath from module build.gradle is not set
C/C++: ndk.dir in local.properties is not set
C/C++: Not considering ANDROID_NDK_HOME because support was removed after deprecation period.
C/C++: sdkFolder is C:\Users\Preneel\AppData\Local\Android\SdkClean
C/C++: android.ndkVersion from module build.gradle is [27.1.12297006]
C/C++: android.ndkPath from module build.gradle is not set
C/C++: ndk.dir in local.properties is not set
C/C++: Not considering ANDROID_NDK_HOME because support was removed after deprecation period.
C/C++: sdkFolder is C:\Users\Preneel\AppData\Local\Android\SdkClean
C/C++: android.ndkVersion from module build.gradle is [27.1.12297006]
C/C++: android.ndkPath from module build.gradle is not set
C/C++: ndk.dir in local.properties is not set
C/C++: Not considering ANDROID_NDK_HOME because support was removed after deprecation period.
C/C++: sdkFolder is C:\Users\Preneel\AppData\Local\Android\SdkClean
C/C++: android.ndkVersion from module build.gradle is [27.1.12297006]
C/C++: android.ndkPath from module build.gradle is not set
C/C++: ndk.dir in local.properties is not set
C/C++: Not considering ANDROID_NDK_HOME because support was removed after deprecation period.
C/C++: sdkFolder is C:\Users\Preneel\AppData\Local\Android\SdkClean
C/C++: android.ndkVersion from module build.gradle is [27.1.12297006]
C/C++: android.ndkPath from module build.gradle is not set
C/C++: ndk.dir in local.properties is not set
C/C++: Not considering ANDROID_NDK_HOME because support was removed after deprecation period.
C/C++: sdkFolder is C:\Users\Preneel\AppData\Local\Android\SdkClean
C/C++: android.ndkVersion from module build.gradle is [27.1.12297006]
C/C++: android.ndkPath from module build.gradle is not set
C/C++: ndk.dir in local.properties is not set
C/C++: Not considering ANDROID_NDK_HOME because support was removed after deprecation period.
C/C++: sdkFolder is C:\Users\Preneel\AppData\Local\Android\SdkClean
C/C++: android.ndkVersion from module build.gradle is [27.1.12297006]
C/C++: android.ndkPath from module build.gradle is not set
C/C++: ndk.dir in local.properties is not set
C/C++: Not considering ANDROID_NDK_HOME because support was removed after deprecation period.
C/C++: sdkFolder is C:\Users\Preneel\AppData\Local\Android\SdkClean
Detected Android Gradle Plugin compose compiler configuration
Detected Android Gradle Plugin compose compiler configuration
Detected Android Gradle Plugin compose compiler configuration
Detected Android Gradle Plugin compose compiler configuration
Detected Android Gradle Plugin compose compiler configuration

> Configure project :expo
Evaluating project ':expo' using build file 'C:\appicon\node_modules\expo\android\build.gradle'.
Using default execution profile
Using Kotlin Gradle Plugin gradle85 variant

Using expo modules
  - [32mexpo-log-box[0m (57.0.4)
  - [32mexpo-constants[0m (57.0.18)
  - [32mexpo-modules-core[0m (57.0.18)
  - [33m[📦][0m [32mexpo-dom-webview[0m (57.0.1)
  - [33m[📦][0m [32mexpo-ui[0m (57.0.18)
  - [33m[📦][0m [32mexpo-asset[0m (57.0.17)
  - [33m[📦][0m [32mexpo-file-system[0m (57.0.7)
  - [33m[📦][0m [32mexpo-font[0m (57.0.4)
  - [33m[📦][0m [32mexpo-image-loader[0m (57.0.1)
  - [33m[📦][0m [32mexpo-image-picker[0m (57.0.18)
  - [33m[📦][0m [32mexpo-keep-awake[0m (57.0.2)
  - [33m[📦][0m [32mexpo-linking[0m (57.0.10)
  - [33m[📦][0m [32mexpo-router[0m (57.0.21)
  - [33m[📦][0m [32mexpo-splash-screen[0m (57.0.9)
  - [33m[📦][0m [32mexpo-status-bar[0m (57.0.1)
  - [33m[📦][0m [32mexpo-system-ui[0m (57.0.4)


> Configure project :react-native-async-storage_async-storage
Evaluating project ':react-native-async-storage_async-storage' using build file 'C:\appicon\node_modules\@react-native-async-storage\async-storage\android\build.gradle'.
[AsyncStorage] Using kotlin version: 2.1.20
[AsyncStorage] Overriden ksp version: 2.1.20-2.0.1
[AsyncStorage] Using kotlin version: 2.1.20
[AsyncStorage] Overriden ksp version: 2.1.20-2.0.1
Using default execution profile
Using Kotlin Gradle Plugin gradle85 variant

> Configure project :react-native-gesture-handler
Evaluating project ':react-native-gesture-handler' using build file 'C:\appicon\node_modules\react-native-gesture-handler\android\build.gradle'.
Using default execution profile
Using Kotlin Gradle Plugin gradle85 variant
Starting process 'command 'node''. Working directory: C:\appicon\android Command: node --print require.resolve('react-native/package.json')
Successfully started process 'command 'node''
C/C++: android.ndkVersion from module build.gradle is [27.1.12297006]
C/C++: android.ndkPath from module build.gradle is not set
C/C++: ndk.dir in local.properties is not set
C/C++: Not considering ANDROID_NDK_HOME because support was removed after deprecation period.
C/C++: sdkFolder is C:\Users\Preneel\AppData\Local\Android\SdkClean
C/C++: android.ndkVersion from module build.gradle is [27.1.12297006]
C/C++: android.ndkPath from module build.gradle is not set
C/C++: ndk.dir in local.properties is not set
C/C++: Not considering ANDROID_NDK_HOME because support was removed after deprecation period.
C/C++: sdkFolder is C:\Users\Preneel\AppData\Local\Android\SdkClean
C/C++: android.ndkVersion from module build.gradle is [27.1.12297006]
C/C++: android.ndkPath from module build.gradle is not set
C/C++: ndk.dir in local.properties is not set
C/C++: Not considering ANDROID_NDK_HOME because support was removed after deprecation period.
C/C++: sdkFolder is C:\Users\Preneel\AppData\Local\Android\SdkClean
C/C++: android.ndkVersion from module build.gradle is [27.1.12297006]
C/C++: android.ndkPath from module build.gradle is not set
C/C++: ndk.dir in local.properties is not set
C/C++: Not considering ANDROID_NDK_HOME because support was removed after deprecation period.
C/C++: sdkFolder is C:\Users\Preneel\AppData\Local\Android\SdkClean
C/C++: android.ndkVersion from module build.gradle is [27.1.12297006]
C/C++: android.ndkPath from module build.gradle is not set
C/C++: ndk.dir in local.properties is not set
C/C++: Not considering ANDROID_NDK_HOME because support was removed after deprecation period.
C/C++: sdkFolder is C:\Users\Preneel\AppData\Local\Android\SdkClean
C/C++: android.ndkVersion from module build.gradle is [27.1.12297006]
C/C++: android.ndkPath from module build.gradle is not set
C/C++: ndk.dir in local.properties is not set
C/C++: Not considering ANDROID_NDK_HOME because support was removed after deprecation period.
C/C++: sdkFolder is C:\Users\Preneel\AppData\Local\Android\SdkClean
C/C++: android.ndkVersion from module build.gradle is [27.1.12297006]
C/C++: android.ndkPath from module build.gradle is not set
C/C++: ndk.dir in local.properties is not set
C/C++: Not considering ANDROID_NDK_HOME because support was removed after deprecation period.
C/C++: sdkFolder is C:\Users\Preneel\AppData\Local\Android\SdkClean
C/C++: android.ndkVersion from module build.gradle is [27.1.12297006]
C/C++: android.ndkPath from module build.gradle is not set
C/C++: ndk.dir in local.properties is not set
C/C++: Not considering ANDROID_NDK_HOME because support was removed after deprecation period.
C/C++: sdkFolder is C:\Users\Preneel\AppData\Local\Android\SdkClean
C/C++: android.ndkVersion from module build.gradle is [27.1.12297006]
C/C++: android.ndkPath from module build.gradle is not set
C/C++: ndk.dir in local.properties is not set
C/C++: Not considering ANDROID_NDK_HOME because support was removed after deprecation period.
C/C++: sdkFolder is C:\Users\Preneel\AppData\Local\Android\SdkClean
C/C++: android.ndkVersion from module build.gradle is [27.1.12297006]
C/C++: android.ndkPath from module build.gradle is not set
C/C++: ndk.dir in local.properties is not set
C/C++: Not considering ANDROID_NDK_HOME because support was removed after deprecation period.
C/C++: sdkFolder is C:\Users\Preneel\AppData\Local\Android\SdkClean
C/C++: android.ndkVersion from module build.gradle is [27.1.12297006]
C/C++: android.ndkPath from module build.gradle is not set
C/C++: ndk.dir in local.properties is not set
C/C++: Not considering ANDROID_NDK_HOME because support was removed after deprecation period.
C/C++: sdkFolder is C:\Users\Preneel\AppData\Local\Android\SdkClean
C/C++: android.ndkVersion from module build.gradle is [27.1.12297006]
C/C++: android.ndkPath from module build.gradle is not set
C/C++: ndk.dir in local.properties is not set
C/C++: Not considering ANDROID_NDK_HOME because support was removed after deprecation period.
C/C++: sdkFolder is C:\Users\Preneel\AppData\Local\Android\SdkClean
C/C++: android.ndkVersion from module build.gradle is [27.1.12297006]
C/C++: android.ndkPath from module build.gradle is not set
C/C++: ndk.dir in local.properties is not set
C/C++: Not considering ANDROID_NDK_HOME because support was removed after deprecation period.
C/C++: sdkFolder is C:\Users\Preneel\AppData\Local\Android\SdkClean

> Configure project :react-native-launcher-kit
Evaluating project ':react-native-launcher-kit' using build file 'C:\appicon\node_modules\react-native-launcher-kit\android\build.gradle'.
Using default execution profile
Using Kotlin Gradle Plugin gradle85 variant

> Configure project :react-native-masked-view_masked-view
Evaluating project ':react-native-masked-view_masked-view' using build file 'C:\appicon\node_modules\@react-native-masked-view\masked-view\android\build.gradle'.
Using default execution profile

> Configure project :react-native-safe-area-context
Evaluating project ':react-native-safe-area-context' using build file 'C:\appicon\node_modules\react-native-safe-area-context\android\build.gradle'.
Using default execution profile
Using Kotlin Gradle Plugin gradle85 variant

> Configure project :react-native-screens
Evaluating project ':react-native-screens' using build file 'C:\appicon\node_modules\react-native-screens\android\build.gradle'.
Using default execution profile
Using Kotlin Gradle Plugin gradle85 variant
C/C++: android.ndkVersion from module build.gradle is [27.1.12297006]
C/C++: android.ndkPath from module build.gradle is not set
C/C++: ndk.dir in local.properties is not set
C/C++: Not considering ANDROID_NDK_HOME because support was removed after deprecation period.
C/C++: sdkFolder is C:\Users\Preneel\AppData\Local\Android\SdkClean
C/C++: android.ndkVersion from module build.gradle is [27.1.12297006]
C/C++: android.ndkPath from module build.gradle is not set
C/C++: ndk.dir in local.properties is not set
C/C++: Not considering ANDROID_NDK_HOME because support was removed after deprecation period.
C/C++: sdkFolder is C:\Users\Preneel\AppData\Local\Android\SdkClean
C/C++: android.ndkVersion from module build.gradle is [27.1.12297006]
C/C++: android.ndkPath from module build.gradle is not set
C/C++: ndk.dir in local.properties is not set
C/C++: Not considering ANDROID_NDK_HOME because support was removed after deprecation period.
C/C++: sdkFolder is C:\Users\Preneel\AppData\Local\Android\SdkClean
C/C++: android.ndkVersion from module build.gradle is [27.1.12297006]
C/C++: android.ndkPath from module build.gradle is not set
C/C++: ndk.dir in local.properties is not set
C/C++: Not considering ANDROID_NDK_HOME because support was removed after deprecation period.
C/C++: sdkFolder is C:\Users\Preneel\AppData\Local\Android\SdkClean
C/C++: android.ndkVersion from module build.gradle is [27.1.12297006]
C/C++: android.ndkPath from module build.gradle is not set
C/C++: ndk.dir in local.properties is not set
C/C++: Not considering ANDROID_NDK_HOME because support was removed after deprecation period.
C/C++: sdkFolder is C:\Users\Preneel\AppData\Local\Android\SdkClean
C/C++: android.ndkVersion from module build.gradle is [27.1.12297006]
C/C++: android.ndkPath from module build.gradle is not set
C/C++: ndk.dir in local.properties is not set
C/C++: Not considering ANDROID_NDK_HOME because support was removed after deprecation period.
C/C++: sdkFolder is C:\Users\Preneel\AppData\Local\Android\SdkClean
C/C++: android.ndkVersion from module build.gradle is [27.1.12297006]
C/C++: android.ndkPath from module build.gradle is not set
C/C++: ndk.dir in local.properties is not set
C/C++: Not considering ANDROID_NDK_HOME because support was removed after deprecation period.
C/C++: sdkFolder is C:\Users\Preneel\AppData\Local\Android\SdkClean
C/C++: android.ndkVersion from module build.gradle is [27.1.12297006]
C/C++: android.ndkPath from module build.gradle is not set
C/C++: ndk.dir in local.properties is not set
C/C++: Not considering ANDROID_NDK_HOME because support was removed after deprecation period.
C/C++: sdkFolder is C:\Users\Preneel\AppData\Local\Android\SdkClean
C/C++: android.ndkVersion from module build.gradle is [27.1.12297006]
C/C++: android.ndkPath from module build.gradle is not set
C/C++: ndk.dir in local.properties is not set
C/C++: Not considering ANDROID_NDK_HOME because support was removed after deprecation period.
C/C++: sdkFolder is C:\Users\Preneel\AppData\Local\Android\SdkClean
C/C++: android.ndkVersion from module build.gradle is [27.1.12297006]
C/C++: android.ndkPath from module build.gradle is not set
C/C++: ndk.dir in local.properties is not set
C/C++: Not considering ANDROID_NDK_HOME because support was removed after deprecation period.
C/C++: sdkFolder is C:\Users\Preneel\AppData\Local\Android\SdkClean
C/C++: android.ndkVersion from module build.gradle is [27.1.12297006]
C/C++: android.ndkPath from module build.gradle is not set
C/C++: ndk.dir in local.properties is not set
C/C++: Not considering ANDROID_NDK_HOME because support was removed after deprecation period.
C/C++: sdkFolder is C:\Users\Preneel\AppData\Local\Android\SdkClean
C/C++: android.ndkVersion from module build.gradle is [27.1.12297006]
C/C++: android.ndkPath from module build.gradle is not set
C/C++: ndk.dir in local.properties is not set
C/C++: Not considering ANDROID_NDK_HOME because support was removed after deprecation period.
C/C++: sdkFolder is C:\Users\Preneel\AppData\Local\Android\SdkClean
C/C++: android.ndkVersion from module build.gradle is [27.1.12297006]
C/C++: android.ndkPath from module build.gradle is not set
C/C++: ndk.dir in local.properties is not set
C/C++: Not considering ANDROID_NDK_HOME because support was removed after deprecation period.
C/C++: sdkFolder is C:\Users\Preneel\AppData\Local\Android\SdkClean
All projects evaluated.
Starting process 'command 'node''. Working directory: C:\appicon\android Command: node --no-warnings --eval require('expo/bin/autolinking') expo-modules-autolinking mirror-kotlin-inline-modules --kotlin-files-mirror-directory C:\appicon\node_modules\expo\android\src\main\java\inline\modules --inline-modules-list-directory C:\appicon\node_modules\expo\android\build\inline\modules --watched-directories-serialized []
Successfully started process 'command 'node''
Task path ':app:createBundleReleaseJsAndAssets' matched project ':app'
Task name matched 'createBundleReleaseJsAndAssets'
Selected primary task 'createBundleReleaseJsAndAssets' from project :app
Tasks to be executed: [task ':app:createBundleReleaseJsAndAssets']
Tasks that were excluded: []
Resolve mutations for :app:createBundleReleaseJsAndAssets (Thread[#608,Execution worker Thread 10,5,main]) started.
:app:createBundleReleaseJsAndAssets (Thread[#608,Execution worker Thread 10,5,main]) started.

> Task :app:createBundleReleaseJsAndAssets
Caching disabled for task ':app:createBundleReleaseJsAndAssets' because:
  Build cache is disabled
  Caching has not been enabled for the task
Task ':app:createBundleReleaseJsAndAssets' is not up-to-date because:
  Executed with '--rerun-tasks'.
Starting process 'command 'cmd''. Working directory: C:\appicon Command: cmd /c node node_modules\@expo\cli\build\bin\cli export:embed --platform android --dev false --reset-cache --entry-file node_modules\expo-router\entry.js --bundle-output android\app\build\generated\assets\react\release\index.android.bundle --assets-dest android\app\build\generated\res\react\release --sourcemap-output android\app\build\intermediates\sourcemaps\react\release\index.android.bundle.packager.map --minify false --verbose
Successfully started process 'command 'cmd''
Using src/app as the root directory for Expo Router.
React Compiler enabled
Starting Metro Bundler

warning: Bundler cache is empty, rebuilding (this may take a minute)
| (node:8120) Warning: The 'NO_COLOR' env is ignored due to the 'FORCE_COLOR' env being set.
| (Use `node --trace-warnings ...` to show where the warning was created)
| (node:8120) Warning: The 'NO_COLOR' env is ignored due to the 'FORCE_COLOR' env being set.
| (Use `node --trace-warnings ...` to show where the warning was created)
| (node:8120) Warning: The 'NO_COLOR' env is ignored due to the 'FORCE_COLOR' env being set.
| (Use `node --trace-warnings ...` to show where the warning was created)
| (node:8120) Warning: The 'NO_COLOR' env is ignored due to the 'FORCE_COLOR' env being set.
| (Use `node --trace-warnings ...` to show where the warning was created)
| (node:8120) Warning: The 'NO_COLOR' env is ignored due to the 'FORCE_COLOR' env being set.
| (Use `node --trace-warnings ...` to show where the warning was created)
| (node:8120) Warning: The 'NO_COLOR' env is ignored due to the 'FORCE_COLOR' env being set.
| (Use `node --trace-warnings ...` to show where the warning was created)
| (node:8120) Warning: The 'NO_COLOR' env is ignored due to the 'FORCE_COLOR' env being set.
| (Use `node --trace-warnings ...` to show where the warning was created)
| (node:8120) Warning: The 'NO_COLOR' env is ignored due to the 'FORCE_COLOR' env being set.
| (Use `node --trace-warnings ...` to show where the warning was created)
Android Bundled 6328ms node_modules\expo-router\entry.js (1298 modules)
Writing bundle output to: android\app\build\generated\assets\react\release\index.android.bundle
Writing sourcemap output to: android\app\build\intermediates\sourcemaps\react\release\index.android.bundle.packager.map
Copying 55 asset files
Done writing bundle output
Done writing sourcemap output
Starting process 'command 'cmd''. Working directory: C:\appicon Command: cmd /c C:\appicon\node_modules\hermes-compiler\hermesc\win64-bin\hermesc -w -emit-binary -max-diagnostic-width=80 -out android\app\build\generated\assets\react\release\index.android.bundle.hbc android\app\build\generated\assets\react\release\index.android.bundle -O -output-source-map
Successfully started process 'command 'cmd''


FAILURE: Build failed with an exception.

* What went wrong:
Execution failed for task ':app:createBundleReleaseJsAndAssets'.
> kotlin.io.NoSuchFileException: C:\appicon\android\app\build\generated\assets\react\release\index.android.bundle.hbc: The source file doesn't exist.

* Try:
> Run with --debug option to get more log output.
> Run with --scan to get full insights from a Build Scan (powered by Develocity).
> Get more help at https://help.gradle.org.

* Exception is:
org.gradle.api.tasks.TaskExecutionException: Execution failed for task ':app:createBundleReleaseJsAndAssets'.
	at org.gradle.api.internal.tasks.execution.ExecuteActionsTaskExecuter.lambda$executeIfValid$1(ExecuteActionsTaskExecuter.java:135)
	at org.gradle.internal.Try$Failure.ifSuccessfulOrElse(Try.java:288)
	at org.gradle.api.internal.tasks.execution.ExecuteActionsTaskExecuter.executeIfValid(ExecuteActionsTaskExecuter.java:133)
	at org.gradle.api.internal.tasks.execution.ExecuteActionsTaskExecuter.execute(ExecuteActionsTaskExecuter.java:121)
	at org.gradle.api.internal.tasks.execution.ProblemsTaskPathTrackingTaskExecuter.execute(ProblemsTaskPathTrackingTaskExecuter.java:41)
	at org.gradle.api.internal.tasks.execution.FinalizePropertiesTaskExecuter.execute(FinalizePropertiesTaskExecuter.java:46)
	at org.gradle.api.internal.tasks.execution.ResolveTaskExecutionModeExecuter.execute(ResolveTaskExecutionModeExecuter.java:51)
	at org.gradle.api.internal.tasks.execution.SkipTaskWithNoActionsExecuter.execute(SkipTaskWithNoActionsExecuter.java:57)
	at org.gradle.api.internal.tasks.execution.SkipOnlyIfTaskExecuter.execute(SkipOnlyIfTaskExecuter.java:74)
	at org.gradle.api.internal.tasks.execution.CatchExceptionTaskExecuter.execute(CatchExceptionTaskExecuter.java:36)
	at org.gradle.api.internal.tasks.execution.EventFiringTaskExecuter$1.executeTask(EventFiringTaskExecuter.java:77)
	at org.gradle.api.internal.tasks.execution.EventFiringTaskExecuter$1.call(EventFiringTaskExecuter.java:55)
	at org.gradle.api.internal.tasks.execution.EventFiringTaskExecuter$1.call(EventFiringTaskExecuter.java:52)
	at org.gradle.internal.operations.DefaultBuildOperationRunner$CallableBuildOperationWorker.execute(DefaultBuildOperationRunner.java:209)
	at org.gradle.internal.operations.DefaultBuildOperationRunner$CallableBuildOperationWorker.execute(DefaultBuildOperationRunner.java:204)
	at org.gradle.internal.operations.DefaultBuildOperationRunner$2.execute(DefaultBuildOperationRunner.java:66)
	at org.gradle.internal.operations.DefaultBuildOperationRunner$2.execute(DefaultBuildOperationRunner.java:59)
	at org.gradle.internal.operations.DefaultBuildOperationRunner.execute(DefaultBuildOperationRunner.java:166)
	at org.gradle.internal.operations.DefaultBuildOperationRunner.execute(DefaultBuildOperationRunner.java:59)
	at org.gradle.internal.operations.DefaultBuildOperationRunner.call(DefaultBuildOperationRunner.java:53)
	at org.gradle.api.internal.tasks.execution.EventFiringTaskExecuter.execute(EventFiringTaskExecuter.java:52)
	at org.gradle.execution.plan.DefaultNodeExecutor.executeLocalTaskNode(DefaultNodeExecutor.java:55)
	at org.gradle.execution.plan.DefaultNodeExecutor.execute(DefaultNodeExecutor.java:34)
	at org.gradle.execution.taskgraph.DefaultTaskExecutionGraph$InvokeNodeExecutorsAction.execute(DefaultTaskExecutionGraph.java:355)
	at org.gradle.execution.taskgraph.DefaultTaskExecutionGraph$InvokeNodeExecutorsAction.execute(DefaultTaskExecutionGraph.java:343)
	at org.gradle.execution.taskgraph.DefaultTaskExecutionGraph$BuildOperationAwareExecutionAction.lambda$execute$0(DefaultTaskExecutionGraph.java:339)
	at org.gradle.internal.operations.CurrentBuildOperationRef.with(CurrentBuildOperationRef.java:84)
	at org.gradle.execution.taskgraph.DefaultTaskExecutionGraph$BuildOperationAwareExecutionAction.execute(DefaultTaskExecutionGraph.java:339)
	at org.gradle.execution.taskgraph.DefaultTaskExecutionGraph$BuildOperationAwareExecutionAction.execute(DefaultTaskExecutionGraph.java:328)
	at org.gradle.execution.plan.DefaultPlanExecutor$ExecutorWorker.execute(DefaultPlanExecutor.java:459)
	at org.gradle.execution.plan.DefaultPlanExecutor$ExecutorWorker.run(DefaultPlanExecutor.java:376)
	at org.gradle.internal.concurrent.ExecutorPolicy$CatchAndRecordFailures.onExecute(ExecutorPolicy.java:64)
	at org.gradle.internal.concurrent.AbstractManagedExecutor$1.run(AbstractManagedExecutor.java:47)
Caused by: java.io.UncheckedIOException: kotlin.io.NoSuchFileException: C:\appicon\android\app\build\generated\assets\react\release\index.android.bundle.hbc: The source file doesn't exist.
	at org.gradle.internal.UncheckedException.throwAsUncheckedException(UncheckedException.java:63)
	at org.gradle.internal.UncheckedException.throwAsUncheckedException(UncheckedException.java:42)
	at org.gradle.internal.reflect.JavaMethod.invoke(JavaMethod.java:129)
	at org.gradle.api.internal.project.taskfactory.StandardTaskAction.doExecute(StandardTaskAction.java:58)
	at org.gradle.api.internal.project.taskfactory.StandardTaskAction.execute(StandardTaskAction.java:51)
	at org.gradle.api.internal.project.taskfactory.StandardTaskAction.execute(StandardTaskAction.java:29)
	at org.gradle.api.internal.tasks.execution.TaskExecution$3.run(TaskExecution.java:259)
	at org.gradle.internal.operations.DefaultBuildOperationRunner$1.execute(DefaultBuildOperationRunner.java:29)
	at org.gradle.internal.operations.DefaultBuildOperationRunner$1.execute(DefaultBuildOperationRunner.java:26)
	at org.gradle.internal.operations.DefaultBuildOperationRunner$2.execute(DefaultBuildOperationRunner.java:66)
> Task :app:createBundleReleaseJsAndAssets FAILED
Build e735c391-5c69-4f80-a38e-3382768da174 is closed
Build 75c9f5c9-13ca-4f36-a48f-6e43f5e7c493 is closed
Build 0fa88c16-2809-4bbd-a5e7-6b7f78972a67 is closed
Build 08d6e3dc-438b-48a0-8d47-138e94ca4c1e is closed

[Incubating] Problems report is available at: file:///C:/appicon/android/build/reports/problems/problems-report.html
	at org.gradle.internal.operations.DefaultBuildOperationRunner$2.execute(DefaultBuildOperationRunner.java:59)
	at org.gradle.internal.operations.DefaultBuildOperationRunner.execute(DefaultBuildOperationRunner.java:166)
	at org.gradle.internal.operations.DefaultBuildOperationRunner.execute(DefaultBuildOperationRunner.java:59)
	at org.gradle.internal.operations.DefaultBuildOperationRunner.run(DefaultBuildOperationRunner.java:47)
	at org.gradle.api.internal.tasks.execution.TaskExecution.executeAction(TaskExecution.java:244)
	at org.gradle.api.internal.tasks.execution.TaskExecution.executeActions(TaskExecution.java:227)
	at org.gradle.api.internal.tasks.execution.TaskExecution.executeWithPreviousOutputFiles(TaskExecution.java:210)
	at org.gradle.api.internal.tasks.execution.TaskExecution.execute(TaskExecution.java:176)
	at org.gradle.internal.execution.steps.ExecuteStep.executeInternal(ExecuteStep.java:110)
	at org.gradle.internal.execution.steps.ExecuteStep.access$000(ExecuteStep.java:47)
	at org.gradle.internal.execution.steps.ExecuteStep$1.call(ExecuteStep.java:64)
	at org.gradle.internal.execution.steps.ExecuteStep$1.call(ExecuteStep.java:61)
	at org.gradle.internal.operations.DefaultBuildOperationRunner$CallableBuildOperationWorker.execute(DefaultBuildOperationRunner.java:209)
	at org.gradle.internal.operations.DefaultBuildOperationRunner$CallableBuildOperationWorker.execute(DefaultBuildOperationRunner.java:204)
	at org.gradle.internal.operations.DefaultBuildOperationRunner$2.execute(DefaultBuildOperationRunner.java:66)
	at org.gradle.internal.operations.DefaultBuildOperationRunner$2.execute(DefaultBuildOperationRunner.java:59)
	at org.gradle.internal.operations.DefaultBuildOperationRunner.execute(DefaultBuildOperationRunner.java:166)
	at org.gradle.internal.operations.DefaultBuildOperationRunner.execute(DefaultBuildOperationRunner.java:59)
	at org.gradle.internal.operations.DefaultBuildOperationRunner.call(DefaultBuildOperationRunner.java:53)
	at org.gradle.internal.execution.steps.ExecuteStep.execute(ExecuteStep.java:61)
	at org.gradle.internal.execution.steps.ExecuteStep.execute(ExecuteStep.java:47)
	at org.gradle.internal.execution.steps.CancelExecutionStep.execute(CancelExecutionStep.java:42)
	at org.gradle.internal.execution.steps.TimeoutStep.executeWithoutTimeout(TimeoutStep.java:75)
	at org.gradle.internal.execution.steps.TimeoutStep.execute(TimeoutStep.java:55)
	at org.gradle.internal.execution.steps.PreCreateOutputParentsStep.execute(PreCreateOutputParentsStep.java:51)
	at org.gradle.internal.execution.steps.PreCreateOutputParentsStep.execute(PreCreateOutputParentsStep.java:29)
	at org.gradle.internal.execution.steps.RemovePreviousOutputsStep.executeMutable(RemovePreviousOutputsStep.java:70)
	at org.gradle.internal.execution.steps.RemovePreviousOutputsStep.executeMutable(RemovePreviousOutputsStep.java:40)
	at org.gradle.internal.execution.steps.MutableStep.execute(MutableStep.java:25)
	at org.gradle.internal.execution.steps.BroadcastChangingOutputsStep.execute(BroadcastChangingOutputsStep.java:62)
	at org.gradle.internal.execution.steps.BroadcastChangingOutputsStep.execute(BroadcastChangingOutputsStep.java:27)
	at org.gradle.internal.execution.steps.CaptureOutputsAfterExecutionStep.execute(CaptureOutputsAfterExecutionStep.java:69)
	at org.gradle.internal.execution.steps.CaptureOutputsAfterExecutionStep.execute(CaptureOutputsAfterExecutionStep.java:46)
	at org.gradle.internal.execution.steps.ResolveInputChangesStep.executeMutable(ResolveInputChangesStep.java:39)
	at org.gradle.internal.execution.steps.ResolveInputChangesStep.executeMutable(ResolveInputChangesStep.java:28)
	at org.gradle.internal.execution.steps.MutableStep.execute(MutableStep.java:25)
	at org.gradle.internal.execution.steps.BuildCacheStep.executeWithoutCache(BuildCacheStep.java:192)
	at org.gradle.internal.execution.steps.BuildCacheStep.lambda$execute$1(BuildCacheStep.java:76)
	at org.gradle.internal.Either$Right.fold(Either.java:176)
	at org.gradle.internal.execution.caching.CachingState.fold(CachingState.java:62)
	at org.gradle.internal.execution.steps.BuildCacheStep.execute(BuildCacheStep.java:74)
	at org.gradle.internal.execution.steps.BuildCacheStep.execute(BuildCacheStep.java:49)
	at org.gradle.internal.execution.steps.StoreExecutionStateStep.execute(StoreExecutionStateStep.java:46)
	at org.gradle.internal.execution.steps.StoreExecutionStateStep.execute(StoreExecutionStateStep.java:35)
	at org.gradle.internal.execution.steps.SkipUpToDateStep.executeBecause(SkipUpToDateStep.java:75)
	at org.gradle.internal.execution.steps.SkipUpToDateStep.lambda$execute$2(SkipUpToDateStep.java:53)
	at org.gradle.internal.execution.steps.SkipUpToDateStep.execute(SkipUpToDateStep.java:53)
	at org.gradle.internal.execution.steps.SkipUpToDateStep.execute(SkipUpToDateStep.java:35)
	at org.gradle.internal.execution.steps.legacy.MarkSnapshottingInputsFinishedStep.execute(MarkSnapshottingInputsFinishedStep.java:37)
	at org.gradle.internal.execution.steps.legacy.MarkSnapshottingInputsFinishedStep.execute(MarkSnapshottingInputsFinishedStep.java:27)
	at org.gradle.internal.execution.steps.ResolveIncrementalCachingStateStep.executeDelegate(ResolveIncrementalCachingStateStep.java:49)
	at org.gradle.internal.execution.steps.ResolveIncrementalCachingStateStep.executeDelegate(ResolveIncrementalCachingStateStep.java:27)
	at org.gradle.internal.execution.steps.AbstractResolveCachingStateStep.execute(AbstractResolveCachingStateStep.java:71)
	at org.gradle.internal.execution.steps.AbstractResolveCachingStateStep.execute(AbstractResolveCachingStateStep.java:39)
	at org.gradle.internal.execution.steps.ResolveChangesStep.executeMutable(ResolveChangesStep.java:63)
	at org.gradle.internal.execution.steps.ResolveChangesStep.executeMutable(ResolveChangesStep.java:34)
	at org.gradle.internal.execution.steps.MutableStep.execute(MutableStep.java:25)
	at org.gradle.internal.execution.steps.ValidateStep.execute(ValidateStep.java:64)
	at org.gradle.internal.execution.steps.ValidateStep.execute(ValidateStep.java:42)
	at org.gradle.internal.execution.steps.AbstractCaptureStateBeforeExecutionStep.execute(AbstractCaptureStateBeforeExecutionStep.java:77)
	at org.gradle.internal.execution.steps.AbstractCaptureStateBeforeExecutionStep.execute(AbstractCaptureStateBeforeExecutionStep.java:46)
	at org.gradle.internal.execution.steps.AbstractSkipEmptyWorkStep.executeWithNonEmptySources(AbstractSkipEmptyWorkStep.java:133)
	at org.gradle.internal.execution.steps.AbstractSkipEmptyWorkStep.execute(AbstractSkipEmptyWorkStep.java:59)
	at org.gradle.internal.execution.steps.AbstractSkipEmptyWorkStep.execute(AbstractSkipEmptyWorkStep.java:36)
	at org.gradle.internal.execution.steps.legacy.MarkSnapshottingInputsStartedStep.execute(MarkSnapshottingInputsStartedStep.java:38)
	at org.gradle.internal.execution.steps.LoadPreviousExecutionStateStep.execute(LoadPreviousExecutionStateStep.java:36)
	at org.gradle.internal.execution.steps.LoadPreviousExecutionStateStep.execute(LoadPreviousExecutionStateStep.java:23)
	at org.gradle.internal.execution.steps.HandleStaleOutputsStep.executeMutable(HandleStaleOutputsStep.java:77)
	at org.gradle.internal.execution.steps.HandleStaleOutputsStep.executeMutable(HandleStaleOutputsStep.java:43)
	at org.gradle.internal.execution.steps.MutableStep.execute(MutableStep.java:25)
	at org.gradle.internal.execution.steps.AssignMutableWorkspaceStep.lambda$execute$0(AssignMutableWorkspaceStep.java:35)
	at org.gradle.api.internal.tasks.execution.TaskExecution$4.withWorkspace(TaskExecution.java:305)
	at org.gradle.internal.execution.steps.AssignMutableWorkspaceStep.execute(AssignMutableWorkspaceStep.java:31)
	at org.gradle.internal.execution.steps.AssignMutableWorkspaceStep.execute(AssignMutableWorkspaceStep.java:22)
	at org.gradle.internal.execution.steps.ChoosePipelineStep.execute(ChoosePipelineStep.java:40)
	at org.gradle.internal.execution.steps.ChoosePipelineStep.execute(ChoosePipelineStep.java:23)
	at org.gradle.internal.execution.steps.ExecuteWorkBuildOperationFiringStep.lambda$execute$2(ExecuteWorkBuildOperationFiringStep.java:67)
	at org.gradle.internal.execution.steps.ExecuteWorkBuildOperationFiringStep.execute(ExecuteWorkBuildOperationFiringStep.java:67)
	at org.gradle.internal.execution.steps.ExecuteWorkBuildOperationFiringStep.execute(ExecuteWorkBuildOperationFiringStep.java:39)
	at org.gradle.internal.execution.steps.IdentityCacheStep.execute(IdentityCacheStep.java:46)
	at org.gradle.internal.execution.steps.IdentityCacheStep.execute(IdentityCacheStep.java:34)
	at org.gradle.internal.execution.steps.IdentifyStep.execute(IdentifyStep.java:44)
	at org.gradle.internal.execution.steps.IdentifyStep.execute(IdentifyStep.java:31)
	at org.gradle.internal.execution.impl.DefaultExecutionEngine$1.execute(DefaultExecutionEngine.java:68)
	at org.gradle.api.internal.tasks.execution.ExecuteActionsTaskExecuter.executeIfValid(ExecuteActionsTaskExecuter.java:132)
	... 30 more
Caused by: kotlin.io.NoSuchFileException: C:\appicon\android\app\build\generated\assets\react\release\index.android.bundle.hbc: The source file doesn't exist.
	at kotlin.io.FilesKt__UtilsKt.copyTo(Utils.kt:219)
	at kotlin.io.FilesKt__UtilsKt.copyTo$default(Utils.kt:217)
	at com.facebook.react.utils.FileUtilsKt.moveTo(FileUtils.kt:13)
	at com.facebook.react.tasks.BundleHermesCTask.run(BundleHermesCTask.kt:104)
	at org.gradle.internal.reflect.JavaMethod.invoke(JavaMethod.java:125)
	... 122 more


Deprecated Gradle features were used in this build, making it incompatible with Gradle 10.

You can use '--warning-mode all' to show the individual deprecation warnings and determine if they come from your own scripts or plugins.

For more on this, please refer to https://docs.gradle.org/9.3.1/userguide/command_line_interface.html#sec:command_line_warnings in the Gradle documentation.

BUILD FAILED in 2m 41s
29 actionable tasks: 29 executed
Watched directory hierarchies: [C:\appicon\node_modules\expo-modules-core\expo-module-gradle-plugin, C:\appicon\node_modules\expo-modules-autolinking\android\expo-gradle-plugin, C:\appicon\node_modules\@react-native\gradle-plugin, C:\appicon\android]
